PKI,PK,ACT_VALUE (uM),ACT_TYPE,MoA
acalabrutinib,BMX,0.046000018,IC50,
acalabrutinib,ERBB4,0.016000001,IC50,
acalabrutinib,LYN,1,EC50,
acalabrutinib,TEC,0.093000011,IC50,
acalabrutinib,TXK,0.368000154,IC50,
afatinib,ABL1,0.229086765,Kd,
afatinib,BLK,0.218776162,Kd,
afatinib,CTRO,2.884031503,Kd,
afatinib,DYR1A,0.977237221,Kd,
afatinib,DYR1B,2.818382931,Kd,
afatinib,DYRK2,1.819700859,Kd,
afatinib,EPHA6,0.338844156,Kd,
afatinib,EPHB6,3.090295433,Kd,
afatinib,ERBB3,4.466835922,Kd,
afatinib,FLT3,1.412537545,Kd,
afatinib,FRK,1.412537545,Kd,
afatinib,GAK,0.079432823,Kd,
afatinib,HCK,2.187761624,Kd,
afatinib,HIPK4,0.363078055,Kd,
afatinib,IRAK1,0.239883292,Kd,
afatinib,KC1E,1.288249552,Kd,
afatinib,KS6A6,3.090295433,Kd,
afatinib,LCK,0.575439937,Kd,
afatinib,MET,2.187761624,Kd,
afatinib,MK09,2.089296131,Kd,
afatinib,MK10,1.995262315,Kd,
afatinib,MK14,1.288249552,Kd,
afatinib,MKNK1,1.819700859,Kd,
afatinib,MKNK2,1.584893192,Kd,
afatinib,MP2K5,1.288249552,Kd,
afatinib,PHKG1,1.288249552,Kd,
afatinib,PHKG2,0.467735141,Kd,
afatinib,RIPK2,2.691534804,Kd,
afatinib,SBK1,4.786300923,Kd,
afatinib,SLK,3.715352291,Kd,
afatinib,SRC,2.818382931,Kd,
afatinib,ST17A,2.290867653,Kd,
afatinib,STK10,4.265795188,Kd,
afatinib,TXK,3.090295433,Kd,
afatinib,UFO,5.248074602,Kd,
alectinib,VGFR2,1.412537545,IC50,
alpelisib,PK3CA,0.004600447,IC50,INHIBITOR
amlexanox,IKKE,1,IC50,
apatinib,CSK,0.52480746,IC50,
apatinib,RET,0.013000007,IC50,
apatinib,SRC,0.530000239,IC50,
apatinib,VGFR2,0.001,IC50,INHIBITOR
avapritinib,PGFRA,0.000239883,IC50,INHIBITOR
axitinib,AAK1,1.202264435,Kd,
axitinib,ABL1,0.001513561,Kd,
axitinib,ABL2,0.070794578,Kd,
axitinib,ACK1,6.025595861,Kd,
axitinib,ANKK1,3.630780548,Kd,
axitinib,AURKA,0.072443596,Kd,
axitinib,AURKB,0.010964782,Kd,
axitinib,AURKC,0.00128825,Kd,
axitinib,AVR2B,5.248074602,Kd,
axitinib,BLK,3.090295433,Kd,
axitinib,BMP2K,1,Kd,
axitinib,BMR1B,2.884031503,Kd,
axitinib,CDK16,5.248074602,Kd,
axitinib,CDKL2,0.52480746,Kd,
axitinib,CSF1R,0.020892961,Kd,
axitinib,CSK,1.096478196,Kd,
axitinib,CSK22,2.818382931,Kd,
axitinib,DDR1,0.338844156,Kd,
axitinib,DDR2,5.248074602,Kd,
axitinib,E2AK2,7.413102413,Kd,
axitinib,EGFR,2.290867653,Kd,
axitinib,EPHB6,0.363078055,Kd,
axitinib,FGFR1,0.380189396,Kd,
axitinib,FGFR2,0.10964782,Kd,
axitinib,FGFR3,0.208929613,Kd,
axitinib,FGR,1.819700859,Kd,
axitinib,FLT3,0.030902954,Kd,
axitinib,GAK,2.691534804,Kd,
axitinib,GRK4,2.290867653,Kd,
axitinib,HUNK,1.513561248,Kd,
axitinib,IRAK1,3.090295433,Kd,
axitinib,ITK,1.202264435,Kd,
axitinib,JAK2,3.311311215,Kd,
axitinib,JAK3,3.090295433,Kd,
axitinib,KIT,0.000489779,Kd,
axitinib,KKCC1,1.412537545,Kd,
axitinib,KKCC2,1.513561248,Kd,
axitinib,LCK,2.691534804,Kd,
axitinib,LRRK2,0.912010839,Kd,
axitinib,M3K12,1.698243652,Kd,
axitinib,M3K19,0.26915348,Kd,
axitinib,M3K3,2.818382931,Kd,
axitinib,M3K4,5.623413252,Kd,
axitinib,M3K9,3.01995172,Kd,
axitinib,M4K1,0.331131121,Kd,
axitinib,M4K2,1.288249552,Kd,
axitinib,M4K3,1.202264435,Kd,
axitinib,M4K4,0.34673685,Kd,
axitinib,M4K5,0.549540874,Kd,
axitinib,MERTK,3.235936569,Kd,
axitinib,MET,0.812830516,Kd,
axitinib,MINK1,0.562341325,Kd,
axitinib,MK08,3.89045145,Kd,
axitinib,MK10,1.096478196,Kd,
axitinib,MLTK,2.570395783,Kd,
axitinib,MP2K1,2.691534804,Kd,
axitinib,MP2K2,2.570395783,Kd,
axitinib,MP2K5,0.141253754,Kd,
axitinib,MRCKB,4.786300923,Kd,
axitinib,MYLK2,1.288249552,Kd,
axitinib,MYLK3,1.698243652,Kd,
axitinib,MYO3A,1.905460718,Kd,
axitinib,NTRK1,1.819700859,Kd,
axitinib,NUAK2,1.288249552,Kd,
axitinib,PAK4,4.466835922,Kd,
axitinib,PGFRA,0.000512861,Kd,
axitinib,PGFRB,0.00057544,Kd,
axitinib,PKN2,2.691534804,Kd,
axitinib,PLK4,0.004168694,Ki,
axitinib,RET,0.1,Kd,
axitinib,RIOK1,1.202264435,Kd,
axitinib,RIOK3,1,Kd,
axitinib,RIPK1,2.511886432,Kd,
axitinib,RIPK2,10,Kd,
axitinib,RIPK4,1.412537545,Kd,
axitinib,ROS1,3.235936569,Kd,
axitinib,SIK1,2.089296131,Kd,
axitinib,SLK,1,Kd,
axitinib,SRPK1,1.819700859,Kd,
axitinib,SRPK3,2.290867653,Kd,
axitinib,STK10,1.202264435,Kd,
axitinib,STK16,0.371535229,Kd,
axitinib,STK3,2.187761624,Kd,
axitinib,STK4,1.412537545,Kd,
axitinib,TESK1,4.265795188,Kd,
axitinib,TIE1,0.097723722,Kd,
axitinib,TIE2,0.309029543,Kd,
axitinib,TNIK,0.181970086,Kd,
axitinib,TNK1,0.158489319,Kd,
axitinib,TTK,3.89045145,Kd,
axitinib,TXK,2.398832919,Kd,
axitinib,TYK2,3.630780548,Kd,
axitinib,UFO,0.416869383,Kd,
axitinib,ULK2,10,Kd,
axitinib,ULK3,0.676082975,Kd,
axitinib,VGFR1,0.005754399,Kd,INHIBITOR
axitinib,VGFR2,0.005888437,Kd,INHIBITOR
axitinib,VGFR3,0.169824365,Kd,INHIBITOR
axitinib,YES,2.691534804,Kd,
baricitinib,JAK3,0.794328235,IC50,
baricitinib,TYK2,0.053000024,IC50,
benzbromarone,MK01,1.946,IC50,
benzbromarone,MK14,1.235000001,IC50,
binimetinib,MP2K1,0.012589254,IC50,INHIBITOR
binimetinib,MP2K2,0.012589254,IC50,INHIBITOR
bosutinib,AAK1,2.290867653,Kd,
bosutinib,AAPK1,3.89045145,Kd,
bosutinib,ABL2,0.001513561,Kd,
bosutinib,ACK1,0.028840315,Kd,
bosutinib,ALK,0.691830971,Kd,
bosutinib,ANKK1,2.089296131,Kd,
bosutinib,BLK,0.003311311,Kd,
bosutinib,BMP2K,0.34673685,Kd,
bosutinib,BMPR2,0.575439937,Kd,
bosutinib,BMX,0.199526231,Kd,
bosutinib,BTK,0.004786301,Kd,
bosutinib,CDK14,1.412537545,Kd,
bosutinib,CDK15,1.584893192,Kd,
bosutinib,CDK16,2.398832919,Kd,
bosutinib,CDK7,1.202264435,Kd,
bosutinib,CHK1,3.01995172,Kd,
bosutinib,CHK2,0.120226443,Kd,
bosutinib,CLK1,0.602559586,Kd,
bosutinib,CLK2,1.698243652,Kd,
bosutinib,CLK3,0.301995172,Kd,
bosutinib,CLK4,3.235936569,Kd,
bosutinib,CSF1R,0.380189396,Kd,
bosutinib,CSK,0.032359366,Kd,
bosutinib,CSKP,0.831763771,Kd,
bosutinib,CTRO,2.398832919,Kd,
bosutinib,DCLK3,5.370317964,Kd,
bosutinib,DDR1,0.120226443,Kd,
bosutinib,DDR2,0.141253754,Kd,
bosutinib,DMPK,0.091201084,Kd,
bosutinib,DUSTY,0.380189396,Kd,
bosutinib,E2AK1,0.630957344,Kd,
bosutinib,E2AK4,0.26915348,Kd,
bosutinib,EGFR,0.018197009,Kd,
bosutinib,EPHA1,2.290867653,Kd,
bosutinib,EPHA2,0.018197009,Kd,
bosutinib,EPHA3,0.005754399,Kd,
bosutinib,EPHA4,0.018197009,Kd,
bosutinib,EPHA5,0.026915348,Kd,
bosutinib,EPHA6,1.096478196,Kd,
bosutinib,EPHA8,0.008912509,Kd,
bosutinib,EPHB1,0.033113112,Kd,
bosutinib,EPHB2,0.008317638,Kd,
bosutinib,EPHB3,0.208929613,Kd,
bosutinib,EPHB4,0.009120108,Kd,
bosutinib,EPHB6,3.01995172,Kd,
bosutinib,ERBB2,2.511886432,Kd,
bosutinib,ERBB3,0.000776247,Kd,
bosutinib,ERBB4,0.025703958,Kd,
bosutinib,FAK1,0.575439937,Kd,
bosutinib,FAK2,0.389045145,Kd,
bosutinib,FER,0.363078055,Kd,
bosutinib,FES,0.331131121,Kd,
bosutinib,FGR,0.006309573,Kd,
bosutinib,FLT3,1,Kd,
bosutinib,FRK,0.001412538,Kd,
bosutinib,FYN,0.010964782,Kd,
bosutinib,GAK,0.00128825,Kd,
bosutinib,GRK4,4.897788194,Kd,
bosutinib,GRK7,1.698243652,Kd,
bosutinib,HIPK1,0.52480746,Kd,
bosutinib,HIPK2,1.905460718,Kd,
bosutinib,HIPK3,3.235936569,Kd,
bosutinib,HIPK4,0.128824955,Kd,
bosutinib,HUNK,5.011872336,Kd,
bosutinib,IKKE,0.052480746,Kd,
bosutinib,IRAK1,0.602559586,Kd,
bosutinib,IRAK4,0.363078055,Kd,
bosutinib,ITK,1.698243652,Kd,
bosutinib,JAK2,1.096478196,Kd,
bosutinib,JAK3,1.202264435,Kd,
bosutinib,KC1A,0.281838293,Kd,
bosutinib,KC1AL,2.570395783,Kd,
bosutinib,KC1D,0.239883292,Kd,
bosutinib,KC1E,0.10964782,Kd,
bosutinib,KCC1D,0.549540874,Kd,
bosutinib,KCC2A,4.466835922,Kd,
bosutinib,KCC2G,3.630780548,Kd,
bosutinib,KIT,0.072443596,Kd,
bosutinib,KKCC2,0.776247117,Kd,
bosutinib,KPCD,1.584893192,Kd,
bosutinib,KPCD3,4.570881896,Kd,
bosutinib,KPCE,2.398832919,Kd,
bosutinib,KPCT,0.912010839,Kd,
bosutinib,KS6A2,3.235936569,Kd,
bosutinib,KS6A3,1.202264435,Kd,
bosutinib,KS6A6,2.691534804,Kd,
bosutinib,KS6B1,0.660693448,Kd,
bosutinib,KSYK,0.28840315,Kd,
bosutinib,LCK,0.000588844,Kd,
bosutinib,LRRK2,0.501187234,Kd,
bosutinib,LTK,3.01995172,Kd,
bosutinib,M3K1,4.365158322,Kd,
bosutinib,M3K11,2.691534804,Kd,
bosutinib,M3K12,0.676082975,Kd,
bosutinib,M3K13,0.478630092,Kd,
bosutinib,M3K19,0.015848932,Kd,
bosutinib,M3K2,0.030199517,Kd,
bosutinib,M3K3,0.05370318,Kd,
bosutinib,M3K4,0.10964782,Kd,
bosutinib,M3K7,0.1,Kd,
bosutinib,M3K9,2.691534804,Kd,
bosutinib,M4K1,0.015135612,Kd,
bosutinib,M4K2,0.003090295,Kd,
bosutinib,M4K3,0.005128614,Kd,
bosutinib,M4K4,0.008128305,Kd,
bosutinib,M4K5,0.000501187,Kd,
bosutinib,MAST1,0.34673685,Kd,
bosutinib,MATK,5.754399373,Kd,
bosutinib,MERTK,0.10964782,Kd,
bosutinib,MET,2.187761624,Kd,
bosutinib,MINK1,0.003235937,Kd,
bosutinib,MK07,2.290867653,Kd,
bosutinib,MLTK,0.079432823,Kd,
bosutinib,MP2K1,0.019054607,Kd,
bosutinib,MP2K2,0.01,Kd,
bosutinib,MP2K3,2.570395783,Kd,
bosutinib,MP2K4,2.570395783,Kd,
bosutinib,MP2K5,0.008128305,Kd,
bosutinib,MP2K6,1.288249552,Kd,
bosutinib,MP2K7,5.248074602,Kd,
bosutinib,MYLK,0.489778819,Kd,
bosutinib,MYO3A,6.165950019,Kd,
bosutinib,MYO3B,2.290867653,Kd,
bosutinib,NEK11,0.645654229,Kd,
bosutinib,NEK2,1.584893192,Kd,
bosutinib,NIM1,1.513561248,Kd,
bosutinib,NLK,2.187761624,Kd,
bosutinib,NTRK1,3.090295433,Kd,
bosutinib,NTRK2,1.202264435,Kd,
bosutinib,NTRK3,3.388441561,Kd,
bosutinib,NUAK1,5.888436554,Kd,
bosutinib,NUAK2,0.218776162,Kd,
bosutinib,PAK1,2.290867653,Kd,
bosutinib,PAK2,1.905460718,Kd,
bosutinib,PAK3,5.754399373,Kd,
bosutinib,PGFRA,5.12861384,Kd,
bosutinib,PGFRB,0.199526231,Kd,
bosutinib,PHKG1,0.338844156,Kd,
bosutinib,PHKG2,1.288249552,Kd,
bosutinib,PI51A,3.311311215,Kd,
bosutinib,PKN1,2.884031503,Kd,
bosutinib,PKN2,3.235936569,Kd,
bosutinib,PLK1,1.819700859,Kd,
bosutinib,PLK2,0.954992586,Kd,
bosutinib,PMYT1,0.34673685,Kd,
bosutinib,RET,3.801893963,Kd,
bosutinib,RIOK1,2.187761624,Kd,
bosutinib,RIOK3,1.584893192,Kd,
bosutinib,RIPK2,3.715352291,Kd,
bosutinib,ROCK1,0.87096359,Kd,
bosutinib,ROCK2,0.363078055,Kd,
bosutinib,RON,6.309573445,Kd,
bosutinib,SIK1,0.030199517,Kd,
bosutinib,SIK2,0.028840315,Kd,
bosutinib,SIK3,0.064565423,Kd,
bosutinib,SLK,0.004677351,Kd,
bosutinib,SRMS,0.1,Kd,
bosutinib,SRPK3,3.89045145,Kd,
bosutinib,ST32A,1.819700859,Kd,
bosutinib,STK10,0.007079458,Kd,
bosutinib,STK24,0.380189396,Kd,
bosutinib,STK25,0.891250938,Kd,
bosutinib,STK26,0.037153523,Kd,
bosutinib,STK3,0.371535229,Kd,
bosutinib,STK33,0.037153523,Kd,
bosutinib,STK35,0.001995262,Kd,
bosutinib,STK36,0.575439937,Kd,
bosutinib,STK39,3.715352291,Kd,
bosutinib,STK4,0.190546072,Kd,
bosutinib,TAOK1,1.288249552,Kd,
bosutinib,TAOK2,1.905460718,Kd,
bosutinib,TAOK3,0.338844156,Kd,
bosutinib,TBK1,0.251188643,Kd,
bosutinib,TEC,3.235936569,Kd,
bosutinib,TIE1,2.884031503,Kd,
bosutinib,TIE2,3.89045145,Kd,
bosutinib,TLK1,0.575439937,Kd,
bosutinib,TLK2,2.089296131,Kd,
bosutinib,TNI3K,0.169824365,Kd,
bosutinib,TNIK,0.030902954,Kd,
bosutinib,TSSK1,4.570881896,Kd,
bosutinib,TXK,0.072443596,Kd,
bosutinib,TYK2,4.466835922,Kd,
bosutinib,TYRO3,0.0616595,Kd,
bosutinib,UFO,0.052480746,Kd,
bosutinib,ULK1,1.202264435,Kd,
bosutinib,ULK2,0.446683592,Kd,
bosutinib,ULK3,0.45708819,Kd,
bosutinib,VRK2,0.707945784,Kd,
bosutinib,WEE1,0.512861384,Kd,
bosutinib,WEE2,0.09332543,Kd,
bosutinib,YES,0.003981072,Kd,
bosutinib,ZAP70,1.584893192,Kd,
brigatinib,EGFR,0.066999969,IC50,
brigatinib,FLT3,0.002099998,IC50,
brigatinib,IGF1R,0.072999979,IC50,
brigatinib,INSR,0.160000065,IC50,
cabozantinib,FLT3,0.011300005,IC50,INHIBITOR
cabozantinib,KIT,0.0046,IC50,INHIBITOR
cabozantinib,RON,0.123999935,IC50,
cabozantinib,TIE2,0.014299996,IC50,INHIBITOR
cabozantinib,VGFR2,3.5E-05,IC50,INHIBITOR
ceritinib,ABL1,1.258925412,IC50,
ceritinib,BTK,3.388441561,IC50,
ceritinib,CDK2,3.981071706,IC50,
ceritinib,CDK4,4.677351413,IC50,
ceritinib,EGFR,0.891250938,IC50,
ceritinib,FGFR2,0.257039578,IC50,
ceritinib,FGFR3,0.426579519,IC50,
ceritinib,FGFR4,0.954992586,IC50,
ceritinib,FGR,1.9498446,IC50,
ceritinib,FLT3,0.060255959,IC50,
ceritinib,IGF1R,0.007999991,IC50,
ceritinib,INSR,0.007000007,IC50,
ceritinib,JAK1,3.715352291,IC50,
ceritinib,JAK2,0.616595002,IC50,
ceritinib,JAK3,7.943282347,IC50,
ceritinib,KIT,1.288249552,IC50,
ceritinib,KSYK,3.01995172,IC50,
ceritinib,LCK,0.562341325,IC50,
ceritinib,LYN,0.831763771,IC50,
ceritinib,MET,1.348962883,IC50,
ceritinib,MKNK2,2.238721139,IC50,
ceritinib,NTRK1,2.754228703,IC50,
ceritinib,NTRK2,1.819700859,IC50,
ceritinib,PGFRA,1.148153621,IC50,
ceritinib,RET,0.398107171,IC50,
ceritinib,ROCK2,1.258925412,IC50,
ceritinib,ROS1,0.141253754,IC50,
ceritinib,SRC,1.698243652,IC50,
ceritinib,TSSK1,0.022999994,IC50,
ceritinib,VGFR2,4.168693835,IC50,
ceritinib,ZAP70,9.77237221,IC50,
cobimetinib,MP2K1,0.0009,IC50,INHIBITOR
cobimetinib,MP2K2,0.199526231,IC50,
copanlisib,PK3CA,0.0005,IC50,INHIBITOR
copanlisib,PK3CB,0.003700003,IC50,
copanlisib,PK3CD,0.000700001,IC50,INHIBITOR
copanlisib,PK3CG,0.0064,IC50,
crizotinib,AAK1,2.290867653,Kd,
crizotinib,AAPK1,2.398832919,Kd,
crizotinib,ABL1,0.01,Kd,
crizotinib,ABL2,0.45708819,Kd,
crizotinib,ACK1,0.758577575,Kd,
crizotinib,ACV1B,0.851138038,Kd,
crizotinib,ACVR1,0.436515832,Kd,
crizotinib,ANKK1,0.776247117,Kd,
crizotinib,AURKA,0.257039578,Kd,
crizotinib,AURKB,0.075857758,Kd,
crizotinib,AURKC,4.265795188,Kd,
crizotinib,BLK,0.10964782,Kd,
crizotinib,BMP2K,0.741310241,Kd,
crizotinib,BMR1B,0.229086765,Kd,
crizotinib,BMX,3.630780548,Kd,
crizotinib,BTK,7.762471166,Kd,
crizotinib,CD11A,0.416869383,Kd,
crizotinib,CD11B,0.758577575,Kd,
crizotinib,CDK7,0.331131121,Kd,
crizotinib,CDKL2,2.089296131,Kd,
crizotinib,COQ8B,1.096478196,Kd,
crizotinib,CSF1R,0.208929613,Kd,
crizotinib,CSKP,0.141253754,Kd,
crizotinib,DCLK1,0.331131121,Kd,
crizotinib,DCLK2,0.371535229,Kd,
crizotinib,DDR1,0.512861384,Kd,
crizotinib,DMPK,1.412537545,Kd,
crizotinib,DUSTY,0.446683592,Kd,
crizotinib,DYRK2,3.981071706,Kd,
crizotinib,E2AK2,1.096478196,Kd,
crizotinib,EGFR,2.691534804,Kd,
crizotinib,EPHA1,0.141253754,Kd,
crizotinib,EPHA2,0.1,Kd,
crizotinib,EPHA3,0.707945784,Kd,
crizotinib,EPHA4,0.363078055,Kd,
crizotinib,EPHA5,1,Kd,
crizotinib,EPHA6,0.064565423,Kd,
crizotinib,EPHA7,0.467735141,Kd,
crizotinib,EPHA8,0.281838293,Kd,
crizotinib,EPHB1,0.120226443,Kd,
crizotinib,EPHB4,0.575439937,Kd,
crizotinib,EPHB6,0.006025596,Kd,
crizotinib,FAK1,0.309029543,Kd,
crizotinib,FAK2,0.190546072,Kd,
crizotinib,FER,0.26915348,Kd,
crizotinib,FES,0.446683592,Kd,
crizotinib,FGFR3,2.691534804,Kd,
crizotinib,FGR,0.676082975,Kd,
crizotinib,FLT3,0.208929613,Kd,
crizotinib,FRK,2.884031503,Kd,
crizotinib,FYN,1.288249552,Kd,
crizotinib,GRK4,4.168693835,Kd,
crizotinib,HIPK4,3.630780548,Kd,
crizotinib,IGF1R,0.776247117,Kd,
crizotinib,IKKB,5.495408739,Kd,
crizotinib,IKKE,0.707945784,Kd,
crizotinib,INSR,0.338844156,Kd,
crizotinib,INSRR,0.602559586,Kd,
crizotinib,IRAK1,0.048977882,Kd,
crizotinib,IRAK3,0.030902954,Kd,
crizotinib,IRAK4,3.630780548,Kd,
crizotinib,ITK,1.995262315,Kd,
crizotinib,JAK1,0.331131121,Kd,
crizotinib,JAK2,0.28840315,Kd,
crizotinib,JAK3,0.199526231,Kd,
crizotinib,KIT,0.794328235,Kd,
crizotinib,KKCC2,1.513561248,Kd,
crizotinib,KPCD1,1,Kd,
crizotinib,KPCD3,0.512861384,Kd,
crizotinib,KS6B1,0.645654229,Kd,
crizotinib,KSYK,2.511886432,Kd,
crizotinib,LCK,0.030199517,Kd,
crizotinib,LIMK1,0.831763771,Kd,
crizotinib,LIMK2,0.691830971,Kd,
crizotinib,LTK,0.012022644,Kd,
crizotinib,LYN,0.933254301,Kd,
crizotinib,M3K1,1.096478196,Kd,
crizotinib,M3K12,0.169824365,Kd,
crizotinib,M3K13,0.229086765,Kd,
crizotinib,M3K15,2.818382931,Kd,
crizotinib,M3K19,0.977237221,Kd,
crizotinib,M3K2,0.072443596,Kd,
crizotinib,M3K3,0.10964782,Kd,
crizotinib,M3K7,1.819700859,Kd,
crizotinib,M4K1,0.038904514,Kd,
crizotinib,M4K2,0.079432823,Kd,
crizotinib,M4K3,0.075857758,Kd,
crizotinib,M4K5,0.079432823,Kd,
crizotinib,MERTK,0.003630781,Kd,
crizotinib,MINK1,4.365158322,Kd,
crizotinib,MK07,0.512861384,Kd,
crizotinib,MP2K3,3.311311215,Kd,
crizotinib,MUSK,0.229086765,Kd,
crizotinib,NEK7,5.754399373,Kd,
crizotinib,NEK9,0.794328235,Kd,
crizotinib,NIM1,4.570881896,Kd,
crizotinib,NTRK1,0.095499259,Kd,
crizotinib,NTRK2,0.037153523,Kd,
crizotinib,NTRK3,0.081283052,Kd,
crizotinib,NUAK2,0.120226443,Kd,
crizotinib,PI51A,3.235936569,Kd,
crizotinib,PLK4,0.060255959,Kd,
crizotinib,RET,1.288249552,Kd,
crizotinib,RIOK1,6.165950019,Kd,
crizotinib,RIOK3,3.981071706,Kd,
crizotinib,RIPK1,1.584893192,Kd,
crizotinib,RIPK2,0.891250938,Kd,
crizotinib,RIPK4,2.089296131,Kd,
crizotinib,ROCK1,3.715352291,Kd,
crizotinib,ROCK2,3.311311215,Kd,
crizotinib,RON,0.025118864,Kd,
crizotinib,SBK1,1.288249552,Kd,
crizotinib,SBK3,0.239883292,Kd,
crizotinib,SIK2,0.199526231,Kd,
crizotinib,SLK,0.018197009,Kd,
crizotinib,SRC,0.562341325,Kd,
crizotinib,SRPK1,1.819700859,Kd,
crizotinib,SRPK3,8.128305162,Kd,
crizotinib,STK10,0.043651583,Kd,
crizotinib,STK26,2.818382931,Kd,
crizotinib,STK3,1,Kd,
crizotinib,STK35,0.616595002,Kd,
crizotinib,STK4,0.575439937,Kd,
crizotinib,TAOK1,1.202264435,Kd,
crizotinib,TAOK2,0.891250938,Kd,
crizotinib,TAOK3,0.489778819,Kd,
crizotinib,TBK1,0.691830971,Kd,
crizotinib,TESK1,0.380189396,Kd,
crizotinib,TGFR1,1,Kd,
crizotinib,TIE1,0.10964782,Kd,
crizotinib,TIE2,0.26915348,Kd,
crizotinib,TNI3K,0.10964782,Kd,
crizotinib,TNK1,0.323593657,Kd,
crizotinib,TXK,0.851138038,Kd,
crizotinib,TYK2,0.208929613,Kd,
crizotinib,TYRO3,0.794328235,Kd,
crizotinib,UFO,0.007762471,Kd,
crizotinib,ULK1,1,Kd,
crizotinib,ULK2,1.584893192,Kd,
crizotinib,ULK3,6.760829754,Kd,
crizotinib,VGFR1,2.290867653,Kd,
crizotinib,YES,0.776247117,Kd,
crizotinib,ZAP70,4.168693835,Kd,
dabrafenib,ARAF,0.025703958,IC50,
dabrafenib,RAF1,0.151356125,IC50,
dabrafenib,TGFR1,3.715352291,IC50,
dasatinib,ABL2,0.000169824,Kd,
dasatinib,ACK1,0.005623413,Kd,
dasatinib,ACV1B,0.331131121,Kd,
dasatinib,ACVL1,0.45708819,Kd,
dasatinib,ACVR1,0.616595002,Kd,
dasatinib,AURKA,9.332543008,Kd,
dasatinib,AURKB,6.45654229,IC50,
dasatinib,AVR2A,0.208929613,Kd,
dasatinib,AVR2B,0.575439937,Kd,
dasatinib,BMR1A,7.079457844,Kd,
dasatinib,BMR1B,0.052480746,Kd,
dasatinib,BMX,0.001412538,Kd,
dasatinib,BRAF,0.501187234,Kd,
dasatinib,BTK,0.001412538,Kd,
dasatinib,COQ8A,0.190546072,Kd,
dasatinib,CSF1R,0.00057544,Kd,
dasatinib,CSK,0.001,Kd,
dasatinib,DDR1,0.000691831,Kd,
dasatinib,DDR2,0.003019952,Kd,
dasatinib,DMPK,1.288249552,Kd,
dasatinib,E2AK4,1.584893192,Kd,
dasatinib,EGFR,0.079432823,Kd,
dasatinib,EPHA1,0.004073803,Kd,
dasatinib,EPHA3,9.33254E-05,Kd,
dasatinib,EPHA4,0.001202264,Kd,
dasatinib,EPHA5,0.000239883,Kd,
dasatinib,EPHA6,2.089296131,Kd,
dasatinib,EPHA8,0.000239883,Kd,
dasatinib,EPHB1,0.000446684,Kd,
dasatinib,EPHB2,0.000389045,Kd,
dasatinib,EPHB3,0.00691831,Kd,
dasatinib,EPHB4,0.000338844,Kd,
dasatinib,EPHB6,3.89045E-05,Kd,
dasatinib,ERBB2,1.412537545,Kd,
dasatinib,ERBB3,0.018197009,Kd,
dasatinib,ERBB4,0.054954087,Kd,
dasatinib,FGFR1,3.715352291,Kd,
dasatinib,FGFR2,1.412537545,Kd,
dasatinib,FGFR3,3.89045145,Kd,
dasatinib,FLT3,3.235936569,Kd,
dasatinib,GAK,0.002570396,Kd,
dasatinib,JAK2,1,Kd,
dasatinib,JAK3,0.645654229,Kd,
dasatinib,KC1E,1.513561248,Kd,
dasatinib,KSYK,2.884031503,Kd,
dasatinib,LIMK1,0.575439937,Kd,
dasatinib,LIMK2,0.085113804,Kd,
dasatinib,M3K13,5.248074602,Kd,
dasatinib,M3K19,0.079432823,Kd,
dasatinib,M3K2,0.141253754,Kd,
dasatinib,M3K3,0.281838293,Kd,
dasatinib,M3K4,0.309029543,Kd,
dasatinib,M3K7,3.715352291,Kd,
dasatinib,M4K1,0.977237221,Kd,
dasatinib,M4K2,1.288249552,Kd,
dasatinib,M4K3,0.645654229,Kd,
dasatinib,M4K4,3.090295433,Kd,
dasatinib,M4K5,0.044668359,Kd,
dasatinib,MINK1,0.426579519,Kd,
dasatinib,MK11,0.407380278,Kd,
dasatinib,MK14,0.026915348,Kd,
dasatinib,MLTK,0.044668359,Kd,
dasatinib,MP2K1,1,Kd,
dasatinib,MP2K2,1.412537545,Kd,
dasatinib,MP2K5,0.003311311,Kd,
dasatinib,MRCKA,1.995262315,Kd,
dasatinib,MRCKB,2.089296131,Kd,
dasatinib,MRCKG,1.202264435,Kd,
dasatinib,MTOR,34.67368505,IC50,
dasatinib,MYLK2,3.467368505,Kd,
dasatinib,NEK11,0.467735141,Kd,
dasatinib,NEK2,6.45654229,Kd,
dasatinib,NLK,0.257039578,Kd,
dasatinib,PGFRA,0.000467735,Kd,
dasatinib,PGFRB,0.000630957,Kd,INHIBITOR
dasatinib,PK3CA,38.01893963,IC50,
dasatinib,PK3CD,30.1995172,IC50,
dasatinib,PMYT1,0.128824955,Kd,
dasatinib,PTK6,0.007762471,Kd,
dasatinib,RAF1,0.575439937,Kd,
dasatinib,RET,0.389045145,Kd,
dasatinib,RIPK2,0.030902954,Kd,
dasatinib,SBK1,1.202264435,Kd,
dasatinib,SIK1,0.003890451,Kd,
dasatinib,SIK2,0.006456542,Kd,
dasatinib,SIK3,0.028183829,Kd,
dasatinib,SLK,0.72443596,Kd,
dasatinib,SRMS,0.012882496,Kd,
dasatinib,STK10,1.202264435,Kd,
dasatinib,STK25,3.388441561,Kd,
dasatinib,STK26,1.905460718,Kd,
dasatinib,STK35,0.776247117,Kd,
dasatinib,STK36,0.208929613,Kd,
dasatinib,STK4,3.801893963,Kd,
dasatinib,TAOK2,5.370317964,Kd,
dasatinib,TAOK3,2.290867653,Kd,
dasatinib,TEC,0.012882496,Kd,
dasatinib,TESK1,0.033113112,Kd,
dasatinib,TGFR1,0.229086765,Kd,
dasatinib,TGFR2,2.884031503,Kd,
dasatinib,TNI3K,0.010964782,Kd,
dasatinib,TNIK,1.995262315,Kd,
dasatinib,TXK,0.002089296,Kd,
dasatinib,TYK2,0.10964782,Kd,
dasatinib,ULK3,4.570881896,Kd,
dasatinib,VGFR1,5.011872336,Kd,
dasatinib,VGFR2,2.884031503,Kd,
dasatinib,VRK2,3.235936569,Kd,
dasatinib,WEE1,7.079457844,Kd,
dasatinib,WEE2,0.199526231,Kd,
dasatinib,YES,0.000301995,Kd,INHIBITOR
duvelisib,PK3CD,2.3E-05,Kd,INHIBITOR
duvelisib,PK3CG,0.00024,Kd,INHIBITOR
encorafenib,RAF1,0.0003,IC50,INHIBITOR
entrectinib,ACK1,0.070794578,IC50,
entrectinib,JAK2,0.039810717,IC50,
erdafitinib,VGFR2,0.036795948,IC50,INHIBITOR
erlotinib,AAK1,1.202264435,Kd,
erlotinib,ABL1,0.057543994,Kd,
erlotinib,ABL2,0.199526231,Kd,
erlotinib,ALK,1.202264435,Kd,
erlotinib,AURKA,2.187761624,Kd,
erlotinib,AURKB,1.412537545,Kd,
erlotinib,AURKC,0.602559586,Kd,
erlotinib,BLK,0.190546072,Kd,
erlotinib,BMP2K,1.202264435,Kd,
erlotinib,COQ8A,1.905460718,Kd,
erlotinib,COQ8B,2.511886432,Kd,
erlotinib,CSK,9.54992586,Kd,
erlotinib,CTRO,0.676082975,Kd,
erlotinib,DAPK3,6.025595861,Kd,
erlotinib,DDR1,0.794328235,Kd,
erlotinib,DMPK,2.884031503,Kd,
erlotinib,DYRK2,1.288249552,Kd,
erlotinib,E2AK2,1.288249552,Kd,
erlotinib,E2AK4,4.365158322,Kd,
erlotinib,EPHA3,2.398832919,Kd,
erlotinib,EPHA5,0.707945784,Kd,
erlotinib,EPHA6,0.436515832,Kd,
erlotinib,EPHA7,1.412537545,Kd,
erlotinib,EPHA8,0.933254301,Kd,
erlotinib,EPHB1,1.096478196,Kd,
erlotinib,EPHB4,2.187761624,Kd,
erlotinib,EPHB6,1.698243652,Kd,
erlotinib,ERBB2,2.884031503,Kd,
erlotinib,ERBB3,1.096478196,Kd,
erlotinib,ERBB4,0.229086765,Kd,
erlotinib,FGFR2,1.905460718,Kd,
erlotinib,FGR,1.096478196,Kd,
erlotinib,FLT3,0.128824955,Kd,
erlotinib,FRK,1.995262315,Kd,
erlotinib,GAK,0.003090295,Kd,
erlotinib,GRK4,7.244359601,Kd,
erlotinib,HCK,1.819700859,Kd,
erlotinib,HIPK4,0.954992586,Kd,
erlotinib,JAK2,3.715352291,Kd,
erlotinib,JAK3,0.707945784,Kd,
erlotinib,KC1D,3.467368505,Kd,
erlotinib,KC1E,0.501187234,Kd,
erlotinib,KCC2D,6.45654229,Kd,
erlotinib,KIT,1.288249552,Kd,
erlotinib,KS6A4,7.079457844,Kd,
erlotinib,LCK,0.251188643,Kd,
erlotinib,LRRK2,2.884031503,Kd,
erlotinib,LTK,0.891250938,Kd,
erlotinib,LYN,0.52480746,Kd,
erlotinib,M3K19,0.025118864,Kd,
erlotinib,M3K2,2.511886432,Kd,
erlotinib,M3K3,2.290867653,Kd,
erlotinib,MERTK,0.977237221,Kd,
erlotinib,MET,1.096478196,Kd,
erlotinib,MINK1,1.288249552,Kd,
erlotinib,MK04,2.511886432,Kd,
erlotinib,MK09,1.995262315,Kd,
erlotinib,MK10,4.265795188,Kd,
erlotinib,MKNK1,0.691830971,Kd,
erlotinib,MKNK2,1,Kd,
erlotinib,MP2K5,0.095499259,Kd,
erlotinib,MRCKG,3.388441561,Kd,
erlotinib,MYLK2,0.977237221,Kd,
erlotinib,PGFRA,1.819700859,Kd,
erlotinib,PGFRB,1.412537545,Kd,
erlotinib,PI42C,1,Kd,
erlotinib,PLK4,1.905460718,Kd,
erlotinib,RET,0.331131121,Kd,
erlotinib,RIPK2,0.407380278,Kd,
erlotinib,RIPK4,4.897788194,Kd,
erlotinib,SBK1,1.202264435,Kd,
erlotinib,SIK2,2.570395783,Kd,
erlotinib,SLK,0.025703958,Kd,
erlotinib,SRC,0.707945784,Kd,
erlotinib,SRPK3,8.317637711,Kd,
erlotinib,ST17A,6.309573445,Kd,
erlotinib,ST17B,9.332543008,Kd,
erlotinib,STK10,0.019054607,Kd,
erlotinib,STK36,4.365158322,Kd,
erlotinib,TBK1,3.090295433,Kd,
erlotinib,TIE1,0.851138038,Kd,
erlotinib,TNI3K,0.575439937,Kd,
erlotinib,TNIK,4.466835922,Kd,
erlotinib,TNK1,0.630957344,Kd,
erlotinib,TTK,3.715352291,Kd,
erlotinib,TXK,3.801893963,Kd,
erlotinib,TYK2,2.398832919,Kd,
erlotinib,TYRO3,3.89045145,Kd,
erlotinib,UFO,3.981071706,Kd,
erlotinib,ULK3,0.912010839,Kd,
erlotinib,VGFR1,4.365158322,Kd,
erlotinib,VGFR2,5.754399373,Kd,
erlotinib,VGFR3,2.089296131,Kd,
erlotinib,YES,2.187761624,Kd,
fedratinib,FLT3,0.015135612,IC50,INHIBITOR
fedratinib,JAK1,0.107151931,IC50,
fedratinib,JAK3,1.023292992,IC50,
fedratinib,TYK2,0.407380278,IC50,
fostamatinib,KSYK,0.041,IC50,INHIBITOR
gefitinib,ABL1,0.229086765,Kd,
gefitinib,ABL2,1.584893192,Kd,
gefitinib,BLK,1.202264435,Kd,
gefitinib,CDK7,0.616595002,Kd,
gefitinib,CHK2,0.794328235,Kd,
gefitinib,CTRO,1.288249552,Kd,
gefitinib,DAPK3,5.754399373,Kd,
gefitinib,DCLK3,2.884031503,Kd,
gefitinib,DMPK,6.918309709,Kd,
gefitinib,EPHA1,3.981071706,Kd,
gefitinib,EPHA3,5.495408739,Kd,
gefitinib,EPHA5,1.513561248,Kd,
gefitinib,EPHA6,0.588843655,Kd,
gefitinib,EPHA8,1.819700859,Kd,
gefitinib,EPHB1,1.288249552,Kd,
gefitinib,EPHB4,2.511886432,Kd,
gefitinib,EPHB6,3.235936569,Kd,
gefitinib,ERBB2,1.096478196,Kd,
gefitinib,ERBB3,0.794328235,Kd,
gefitinib,ERBB4,0.407380278,Kd,
gefitinib,FGR,2.570395783,Kd,
gefitinib,FLT3,1,Kd,
gefitinib,FRK,1.995262315,Kd,
gefitinib,GAK,0.007079458,Kd,
gefitinib,HCK,4.365158322,Kd,
gefitinib,HIPK4,0.309029543,Kd,
gefitinib,IRAK1,0.069183097,Kd,
gefitinib,IRAK3,1.513561248,Kd,
gefitinib,IRAK4,0.537031796,Kd,
gefitinib,KC1D,3.235936569,Kd,
gefitinib,KC1E,0.426579519,Kd,
gefitinib,KIT,1.819700859,Kd,
gefitinib,KPCD1,3.467368505,Kd,
gefitinib,KS6A4,1.202264435,Kd,
gefitinib,LCK,0.630957344,Kd,
gefitinib,LTK,5.495408739,Kd,
gefitinib,LYN,1,Kd,
gefitinib,M3K19,0.239883292,Kd,
gefitinib,M3K2,3.311311215,Kd,
gefitinib,M3K3,2.089296131,Kd,
gefitinib,MET,3.467368505,Kd,
gefitinib,MINK1,1.819700859,Kd,
gefitinib,MK04,3.090295433,Kd,
gefitinib,MK06,1.584893192,Kd,
gefitinib,MK09,1.412537545,Kd,
gefitinib,MK10,2.290867653,Kd,
gefitinib,MKNK1,0.28840315,Kd,
gefitinib,MKNK2,0.363078055,Kd,
gefitinib,MP2K5,0.602559586,Kd,
gefitinib,MYLK2,1.905460718,Kd,
gefitinib,NLK,4.168693835,Kd,
gefitinib,NUAK2,4.570881896,Kd,
gefitinib,PHKG1,3.715352291,Kd,
gefitinib,PHKG2,2.691534804,Kd,
gefitinib,PI42C,7.58577575,Kd,
gefitinib,PIM3,5.754399373,Kd,
gefitinib,RET,1.698243652,IC50,
gefitinib,RIPK2,0.52480746,Kd,
gefitinib,SBK1,0.562341325,Kd,
gefitinib,SIK2,2.089296131,Kd,
gefitinib,SLK,0.912010839,Kd,
gefitinib,SRC,3.800000003,Kd,
gefitinib,ST17A,1.995262315,Kd,
gefitinib,ST17B,3.801893963,Kd,
gefitinib,STK10,0.467735141,Kd,
gefitinib,STK36,5.754399373,Kd,
gefitinib,TNIK,6.918309709,Kd,
gefitinib,TXK,6.025595861,Kd,
gefitinib,UFO,1.819700859,Kd,
gefitinib,VGFR2,1.905460718,IC50,
ibrutinib,BLK,0.0001,IC50,
ibrutinib,BMX,0.000794328,IC50,
ibrutinib,EGFR,0.005623413,IC50,
ibrutinib,ERBB2,0.0064,IC50,
ibrutinib,ERBB4,0.003400001,IC50,
ibrutinib,FGFR2,0.281838293,IC50,
ibrutinib,FGR,0.0033,IC50,
ibrutinib,FYN,0.029,IC50,
ibrutinib,HCK,0.029,IC50,
ibrutinib,ITK,0.004899999,IC50,
ibrutinib,JAK3,0.032000002,IC50,
ibrutinib,LCK,0.006300007,IC50,
ibrutinib,LYN,0.014000005,Ki,
ibrutinib,RET,0.037153523,IC50,
ibrutinib,SRC,0.019000017,IC50,
ibrutinib,TEC,0.006999999,IC50,
ibrutinib,TXK,0.002,IC50,
ibrutinib,YES,0.004100001,IC50,
imatinib,ABL2,0.006025596,Kd,
imatinib,BLK,0.52480746,Kd,
imatinib,BMX,10,Ki,
imatinib,BRAF,3.311311215,Kd,
imatinib,CDK19,5.495408739,Kd,
imatinib,CLK1,4.466835922,Kd,
imatinib,CLK4,2.089296131,Kd,
imatinib,CSF1R,0.010964782,Kd,
imatinib,DDR1,0.000707946,Kd,
imatinib,DDR2,0.015135612,Kd,
imatinib,EGFR,7.58577575,Kd,
imatinib,EPHA8,1.412537545,Kd,
imatinib,EPHB1,10,Ki,
imatinib,EPHB4,10,Ki,
imatinib,FGFR1,10,Ki,
imatinib,FGFR2,10,Ki,
imatinib,FGR,2.398832919,Kd,
imatinib,FLT3,6.309573445,Kd,
imatinib,FRK,1.513561248,Kd,
imatinib,FYN,3.090295433,Kd,
imatinib,GAK,1,Kd,
imatinib,HIPK4,0.954992586,Kd,
imatinib,INSR,10,Ki,
imatinib,IRAK1,1.202264435,Kd,
imatinib,JAK2,10,Ki,
imatinib,KSYK,5.011872336,IC50,
imatinib,LCK,0.039810717,Kd,
imatinib,LYN,0.891250938,Kd,
imatinib,MELK,1.905460718,Kd,
imatinib,MK08,3.235936569,Kd,
imatinib,MK09,5.248074602,Kd,
imatinib,MK10,3.090295433,Kd,
imatinib,MK14,13.80384265,IC50,
imatinib,MLTK,2.570395783,Kd,
imatinib,PGFRA,0.030902954,Kd,
imatinib,PGFRB,0.014125375,Kd,INHIBITOR
imatinib,PI42C,0.380189396,Kd,
imatinib,PLK4,7.762471166,Kd,
imatinib,RAF1,1.698243652,Kd,
imatinib,SRC,30.90295433,Ki,
imatinib,ST17A,2.818382931,Kd,
imatinib,TNI3K,4.265795188,Kd,
imatinib,TYK2,8.7096359,Kd,
imatinib,VGFR2,25.70395783,IC50,
lapatinib,ABL1,22.90867653,IC50,
lapatinib,CDK2,10.96478196,IC50,
lapatinib,ERBB3,5.495408739,Kd,
lapatinib,ERBB4,0.05370318,Kd,
lapatinib,INSR,16.98243652,IC50,
lapatinib,MP2K5,1.096478196,Kd,
lapatinib,MP2K7,4.365158322,Kd,
lapatinib,P3C2B,0.676082975,Kd,
lapatinib,P3C2G,7.58577575,Kd,
lapatinib,PGFRB,8.511380382,IC50,
lapatinib,PI4KB,0.933254301,Kd,
lapatinib,RIPK2,3.630780548,Kd,
lapatinib,SLK,3.311311215,Kd,
lapatinib,STK10,2.570395783,Kd,
lenvatinib,EGFR,6.500000916,IC50,
lenvatinib,PGFRA,0.050999988,IC50,INHIBITOR
lenvatinib,PGFRB,0.038999986,IC50,
lenvatinib,VGFR1,0.02199999,IC50,INHIBITOR
lenvatinib,VGFR2,0.004000003,IC50,INHIBITOR
lenvatinib,VGFR3,0.005200001,IC50,INHIBITOR
lorlatinib,ACK1,0.017,IC50,INHIBITOR
lorlatinib,FAK1,0.017,IC50,INHIBITOR
lorlatinib,FAK2,0.014,IC50,INHIBITOR
lorlatinib,FER,0.0033,IC50,INHIBITOR
lorlatinib,FES,0.006,IC50,INHIBITOR
lorlatinib,LTK,0.0027,IC50,INHIBITOR
lorlatinib,NTRK1,0.024,IC50,INHIBITOR
lorlatinib,NTRK2,0.023,IC50,INHIBITOR
lorlatinib,NTRK3,0.046,IC50,INHIBITOR
midostaurin,AAK1,0.047863009,Kd,
midostaurin,AAPK1,0.177827941,Kd,
midostaurin,AAPK2,0.45708819,Kd,
midostaurin,ABL1,0.794328235,Kd,
midostaurin,ACK1,0.120226443,Kd,
midostaurin,AKT1,0.954992586,Kd,
midostaurin,AKT2,0.776247117,Kd,
midostaurin,AKT3,4.365158322,Kd,
midostaurin,ALK,0.26915348,Kd,
midostaurin,AURKA,0.079432823,IC50,
midostaurin,AURKB,0.0616595,Kd,
midostaurin,AURKC,0.169824365,Kd,
midostaurin,BLK,0.501187234,Kd,
midostaurin,BMP2K,0.218776162,Kd,
midostaurin,BRSK1,1.202264435,Kd,
midostaurin,BRSK2,0.645654229,Kd,
midostaurin,CDK19,7.244359601,Kd,
midostaurin,CHK1,1.288249552,Kd,
midostaurin,CLK1,0.34673685,Kd,
midostaurin,CLK2,0.851138038,Kd,
midostaurin,CLK3,3.630780548,Kd,
midostaurin,CLK4,0.407380278,Kd,
midostaurin,CSF1R,0.141253754,IC50,
midostaurin,CSK,8.7096359,Kd,
midostaurin,CSK21,0.251188643,Kd,
midostaurin,DAPK1,4.677351413,Kd,
midostaurin,DAPK2,0.891250938,Kd,
midostaurin,DAPK3,1.77827941,Kd,
midostaurin,DDR1,7.244359601,Kd,
midostaurin,DMPK,3.801893963,Kd,
midostaurin,DUSTY,4.677351413,Kd,
midostaurin,DYR1A,0.1,Kd,
midostaurin,DYR1B,0.331131121,Kd,
midostaurin,E2AK2,6.918309709,Kd,
midostaurin,E2AK4,0.038904514,Kd,
midostaurin,EGFR,0.008709636,Kd,
midostaurin,EPHB6,3.090295433,Kd,
midostaurin,ERBB4,3.090295433,Kd,
midostaurin,ERN1,2.290867653,Kd,
midostaurin,FAK2,0.660693448,Kd,
midostaurin,FER,1.202264435,Kd,
midostaurin,FGFR1,1.584893192,Kd,
midostaurin,FGFR2,2.398832919,Kd,
midostaurin,FGFR3,1.698243652,Kd,
midostaurin,FGR,0.72443596,Kd,
midostaurin,FRK,2.398832919,Kd,
midostaurin,FYN,2.089296131,Kd,
midostaurin,GAK,0.380189396,Kd,
midostaurin,GRK4,0.10964782,Kd,
midostaurin,GRK7,0.047863009,Kd,
midostaurin,GSK3A,2.511886432,Kd,
midostaurin,GSK3B,1.77827941,Kd,
midostaurin,HCK,0.72443596,Kd,
midostaurin,HIPK2,3.090295433,Kd,
midostaurin,HIPK3,2.290867653,Kd,
midostaurin,HIPK4,0.954992586,Kd,
midostaurin,HUNK,0.239883292,Kd,
midostaurin,ICK,5.888436554,Kd,
midostaurin,IKKA,3.801893963,Kd,
midostaurin,IKKB,6.309573445,Kd,
midostaurin,IKKE,0.158489319,Kd,
midostaurin,IRAK3,0.177827941,Kd,
midostaurin,JAK1,0.676082975,Kd,
midostaurin,JAK2,0.09332543,Kd,
midostaurin,JAK3,0.012022644,Kd,
midostaurin,KAPCA,0.72443596,Kd,
midostaurin,KAPCB,0.239883292,Kd,
midostaurin,KCC1A,1.995262315,Kd,
midostaurin,KCC1D,0.676082975,Kd,
midostaurin,KCC1G,1.77827941,Kd,
midostaurin,KCC2A,0.019952623,Kd,
midostaurin,KCC2B,0.208929613,Kd,
midostaurin,KCC2D,0.036307805,Kd,
midostaurin,KCC2G,0.141253754,Kd,
midostaurin,KGP1,0.251188643,Kd,
midostaurin,KGP2,0.074131024,Kd,
midostaurin,KKCC1,0.128824955,Kd,
midostaurin,KKCC2,0.072443596,Kd,
midostaurin,KPCA,0.72443596,Kd,
midostaurin,KPCD,0.316227766,Kd,
midostaurin,KPCD2,6.309573445,Kd,
midostaurin,KPCD3,3.16227766,Kd,
midostaurin,KPCE,0.537031796,Kd,
midostaurin,KPCL,0.28840315,Kd,
midostaurin,KPCT,0.912010839,Kd,
midostaurin,KS6A1,0.257039578,Kd,
midostaurin,KS6A2,0.239883292,Kd,
midostaurin,KS6A3,0.741310241,Kd,
midostaurin,KS6A4,0.257039578,Kd,
midostaurin,KS6A5,0.239883292,Kd,
midostaurin,KS6A6,1.513561248,Kd,
midostaurin,KS6B1,1.288249552,Kd,
midostaurin,KSYK,0.087096359,Kd,
midostaurin,LATS1,1.096478196,Kd,
midostaurin,LATS2,2.187761624,Kd,
midostaurin,LCK,0.281838293,Kd,
midostaurin,LRRK2,0.177827941,Kd,
midostaurin,LTK,3.01995172,Kd,
midostaurin,LYN,4.168693835,Kd,
midostaurin,M3K10,0.794328235,Kd,
midostaurin,M3K11,0.016982437,Kd,
midostaurin,M3K13,2.818382931,Kd,
midostaurin,M3K19,0.015135612,Kd,
midostaurin,M3K2,0.141253754,Kd,
midostaurin,M3K3,0.208929613,Kd,
midostaurin,M3K7,0.128824955,Kd,
midostaurin,M3K9,0.015135612,Kd,
midostaurin,M4K1,2.089296131,Kd,
midostaurin,M4K2,2.511886432,Kd,
midostaurin,M4K3,0.120226443,Kd,
midostaurin,M4K4,0.645654229,Kd,
midostaurin,M4K5,1.096478196,Kd,
midostaurin,MARK1,0.169824365,Kd,
midostaurin,MARK2,0.1,Kd,
midostaurin,MARK3,0.020892961,Kd,
midostaurin,MARK4,0.371535229,Kd,
midostaurin,MAST1,0.190546072,Kd,
midostaurin,MELK,0.281838293,Kd,
midostaurin,MERTK,2.884031503,Kd,
midostaurin,MET,0.562341325,Kd,
midostaurin,MINK1,0.169824365,Kd,
midostaurin,MK08,4.365158322,Kd,
midostaurin,MK09,5.011872336,Kd,
midostaurin,MK10,3.630780548,Kd,
midostaurin,MKNK2,0.954992586,Kd,
midostaurin,MP2K3,5.248074602,Kd,
midostaurin,MP2K4,4.786300923,Kd,
midostaurin,MP2K6,6.45654229,Kd,
midostaurin,MYLK,0.218776162,Kd,
midostaurin,MYLK3,2.290867653,Kd,
midostaurin,MYLK4,0.645654229,Kd,
midostaurin,NTRK1,0.380189396,Kd,
midostaurin,NTRK2,0.309029543,Kd,
midostaurin,NTRK3,1.698243652,Kd,
midostaurin,NUAK1,0.040738028,Kd,
midostaurin,NUAK2,0.063095734,Kd,
midostaurin,P3C2B,1.412537545,Kd,
midostaurin,P3C2G,0.575439937,Kd,
midostaurin,PAK1,1.995262315,Kd,
midostaurin,PAK2,2.089296131,Kd,
midostaurin,PAK3,0.177827941,Kd,
midostaurin,PDPK1,0.10964782,Kd,
midostaurin,PGFRA,0.177827941,Kd,
midostaurin,PGFRB,0.10964782,Kd,
midostaurin,PHKG1,0.190546072,Kd,
midostaurin,PHKG2,0.891250938,Kd,
midostaurin,PI42B,0.26915348,Kd,
midostaurin,PI51A,0.309029543,Kd,
midostaurin,PIM1,0.562341325,Kd,
midostaurin,PIM2,3.090295433,Kd,
midostaurin,PIM3,0.562341325,Kd,
midostaurin,PK3CA,1.096478196,Kd,
midostaurin,PKN1,0.009332543,Kd,
midostaurin,PKN2,0.015135612,Kd,
midostaurin,PLK4,0.066069345,Kd,
midostaurin,PRP4B,0.054954087,Kd,
midostaurin,RET,0.019952623,Kd,
midostaurin,RIOK1,1.202264435,Kd,
midostaurin,RIOK2,0.097723722,Kd,
midostaurin,RIOK3,0.416869383,Kd,
midostaurin,RK,0.085113804,Kd,
midostaurin,ROCK1,7.762471166,Kd,
midostaurin,ROCK2,2.290867653,Kd,
midostaurin,ROS1,0.426579519,Kd,
midostaurin,SGK3,1.412537545,Kd,
midostaurin,SIK1,0.158489319,Kd,
midostaurin,SIK2,0.562341325,Kd,
midostaurin,SIK3,0.097723722,Kd,
midostaurin,SLK,0.218776162,Kd,
midostaurin,SRC,1.202264435,Kd,
midostaurin,SRPK1,0.041686938,Kd,
midostaurin,SRPK2,0.331131121,Kd,
midostaurin,SRPK3,0.079432823,Kd,
midostaurin,ST17A,1.905460718,Kd,
midostaurin,ST17B,4.677351413,Kd,
midostaurin,ST32A,2.398832919,Kd,
midostaurin,STK10,0.588843655,Kd,
midostaurin,STK11,0.34673685,Kd,
midostaurin,STK16,0.281838293,Kd,
midostaurin,STK25,1.77827941,Kd,
midostaurin,STK3,0.039810717,Kd,
midostaurin,STK33,0.190546072,Kd,
midostaurin,STK4,0.016982437,Kd,
midostaurin,TBK1,0.009332543,Kd,
midostaurin,TIE1,1.412537545,Kd,
midostaurin,TIE2,1.905460718,Kd,
midostaurin,TNIK,1.584893192,Kd,
midostaurin,TNK1,0.083176377,Kd,
midostaurin,TSSK1,4.786300923,Kd,
midostaurin,TTK,0.34673685,Kd,
midostaurin,TYK2,0.251188643,Kd,
midostaurin,UFO,0.616595002,Kd,
midostaurin,ULK3,1.288249552,Kd,
midostaurin,VGFR1,0.446683592,Kd,
midostaurin,VGFR2,0.251188643,IC50,
midostaurin,VGFR3,0.676082975,Kd,
midostaurin,WEE1,4.570881896,Kd,
midostaurin,YES,0.954992586,Kd,
midostaurin,ZAP70,2.570395783,Kd,
neratinib,ABL1,6.025595861,Kd,
neratinib,ACK1,0.676082975,Kd,
neratinib,BLK,0.085113804,Kd,
neratinib,BTK,0.158489319,Kd,
neratinib,CDK16,2.290867653,Kd,
neratinib,CDK7,5.12861384,Kd,
neratinib,CHK1,5.754399373,Kd,
neratinib,CHK2,0.851138038,Kd,
neratinib,CSF1R,0.676082975,Kd,
neratinib,CSK,0.549540874,Kd,
neratinib,DUSTY,6.45654229,Kd,
neratinib,E2AK4,0.095499259,Kd,
neratinib,EPHB6,2.818382931,Kd,
neratinib,ERBB3,0.007762471,Kd,
neratinib,FAK1,1.905460718,Kd,
neratinib,FAK2,7.943282347,Kd,
neratinib,FER,0.512861384,Kd,
neratinib,FES,0.588843655,Kd,
neratinib,FGR,1.905460718,Kd,
neratinib,FLT3,3.090295433,Kd,
neratinib,FYN,6.45654229,Kd,
neratinib,GAK,0.251188643,Kd,
neratinib,HCK,0.489778819,Kd,
neratinib,HIPK4,1.513561248,Kd,
neratinib,INSR,3.01995172,Kd,
neratinib,INSRR,4.570881896,Kd,
neratinib,IRAK1,2.290867653,Kd,
neratinib,JAK3,1.995262315,Kd,
neratinib,KC1E,0.28840315,Kd,
neratinib,KC1G2,6.60693448,Kd,
neratinib,KC1G3,7.762471166,Kd,
neratinib,KCC1D,5.623413252,Kd,
neratinib,KPCD1,0.812830516,Kd,
neratinib,KPCD2,1.096478196,Kd,
neratinib,KPCD3,2.398832919,Kd,
neratinib,KS6A1,7.413102413,Kd,
neratinib,KS6A2,4.073802778,Kd,
neratinib,KSYK,5.12861384,Kd,
neratinib,LCK,0.120226443,Kd,
neratinib,LYN,0.812830516,Kd,
neratinib,M3K10,4.570881896,Kd,
neratinib,M3K11,5.754399373,Kd,
neratinib,M3K12,0.371535229,Kd,
neratinib,M3K13,0.741310241,Kd,
neratinib,M3K19,0.015848932,Kd,
neratinib,M3K2,0.446683592,Kd,
neratinib,M3K3,0.128824955,Kd,
neratinib,M3K4,0.038904514,Kd,
neratinib,M3K9,5.370317964,Kd,
neratinib,M4K1,0.09332543,Kd,
neratinib,M4K2,0.218776162,Kd,
neratinib,M4K3,0.007762471,Kd,
neratinib,M4K4,0.331131121,Kd,
neratinib,M4K5,0.000645654,Kd,
neratinib,MAST1,5.495408739,Kd,
neratinib,MELK,1.584893192,Kd,
neratinib,MERTK,0.398107171,Kd,
neratinib,MET,3.981071706,Kd,
neratinib,MINK1,0.028840315,Kd,
neratinib,MK08,3.311311215,Kd,
neratinib,MK10,2.511886432,Kd,
neratinib,MLTK,1.513561248,Kd,
neratinib,MP2K1,0.014125375,Kd,
neratinib,MP2K2,0.025703958,Kd,
neratinib,MP2K5,0.063095734,Kd,
neratinib,MP2K7,0.52480746,Kd,
neratinib,NEK2,0.251188643,Kd,
neratinib,NEK3,2.398832919,Kd,
neratinib,NUAK1,1.513561248,Kd,
neratinib,NUAK2,0.141253754,Kd,
neratinib,PAK1,0.208929613,Kd,
neratinib,PAK2,0.079432823,Kd,
neratinib,PAK6,7.413102413,Kd,
neratinib,RON,8.317637711,Kd,
neratinib,SIK1,0.218776162,Kd,
neratinib,SIK2,3.311311215,Kd,
neratinib,SLK,0.066069345,Kd,
neratinib,SRC,4.073802778,Kd,
neratinib,ST17A,0.338844156,Kd,
neratinib,ST17B,1.096478196,Kd,
neratinib,STK10,0.012882496,Kd,
neratinib,STK24,0.006456542,Kd,
neratinib,STK25,0.012022644,Kd,
neratinib,STK26,0.007413102,Kd,
neratinib,STK3,0.057543994,Kd,
neratinib,STK33,0.933254301,Kd,
neratinib,STK35,4.466835922,Kd,
neratinib,STK36,5.248074602,Kd,
neratinib,STK4,0.26915348,Kd,
neratinib,TAOK3,4.168693835,Kd,
neratinib,TIE1,0.389045145,Kd,
neratinib,TIE2,3.01995172,Kd,
neratinib,TNIK,0.141253754,Kd,
neratinib,TXK,4.786300923,Kd,
neratinib,UFO,0.190546072,Kd,
neratinib,VGFR2,0.851138038,IC50,
neratinib,WEE1,4.073802778,Kd,
neratinib,WEE2,1.288249552,Kd,
neratinib,YES,0.239883292,Kd,
nilotinib,ABL2,0.025703958,Kd,
nilotinib,BLK,0.501187234,Kd,
nilotinib,BMX,4.808,Ki,
nilotinib,BRAF,0.575439937,Kd,
nilotinib,CLK1,2.089296131,Kd,
nilotinib,CLK4,7.079457844,Kd,
nilotinib,CSF1R,0.044668359,Kd,
nilotinib,CSK,2.398832919,Kd,
nilotinib,DDR1,0.001096478,Kd,
nilotinib,DDR2,0.006025596,Kd,
nilotinib,EPHA1,0.588843655,Kd,
nilotinib,EPHA2,0.229086765,Kd,
nilotinib,EPHA3,0.10964782,Kd,
nilotinib,EPHA4,0.331131121,Kd,
nilotinib,EPHA5,1.905460718,Kd,
nilotinib,EPHA6,0.645654229,Kd,
nilotinib,EPHA8,0.037153523,Kd,
nilotinib,EPHB1,1.288249552,Kd,
nilotinib,EPHB2,0.645654229,Kd,
nilotinib,EPHB3,1,Kd,
nilotinib,EPHB4,0.72443596,Kd,
nilotinib,EPHB6,0.501187234,Kd,
nilotinib,FGFR1,8.024,Ki,
nilotinib,FGFR2,7.220000007,Ki,
nilotinib,FGR,0.323593657,Kd,
nilotinib,FLT3,39.81071706,Kd,
nilotinib,FRK,0.085113804,Kd,
nilotinib,FYN,1.584893192,Kd,
nilotinib,HCK,0.389045145,Kd,
nilotinib,INSR,4.100999997,Ki,
nilotinib,JAK2,8.539000009,Ki,
nilotinib,KIT,0.016982437,Kd,
nilotinib,LCK,0.046773514,Kd,
nilotinib,LYN,0.1,Kd,
nilotinib,M4K1,0.891250938,Kd,
nilotinib,MK08,0.446683592,Kd,
nilotinib,MK09,5.754399373,Kd,
nilotinib,MK10,1.995262315,Kd,
nilotinib,MK11,0.036307805,Kd,
nilotinib,MK14,0.45708819,Kd,
nilotinib,MLTK,0.010964782,Kd,
nilotinib,MP2K5,0.190546072,Kd,
nilotinib,MRCKB,0.912010839,Kd,
nilotinib,NTRK2,0.489778819,Kd,
nilotinib,NTRK3,0.602559586,Kd,
nilotinib,PGFRA,0.074131024,Kd,
nilotinib,PGFRB,0.015848932,Kd,
nilotinib,PI42C,8.7096359,Kd,
nilotinib,RAF1,3.89045145,Kd,
nilotinib,RET,0.87096359,Kd,
nilotinib,SRC,1.905460718,Kd,
nilotinib,STK10,6.760829754,Kd,
nilotinib,TAOK1,4.677351413,Kd,
nilotinib,TAOK3,1.698243652,Kd,
nilotinib,TIE1,1,Kd,
nilotinib,TIE2,1,Kd,
nilotinib,TNI3K,0.363078055,Kd,
nilotinib,YES,1.096478196,Kd,
nintedanib,AAK1,0.063095734,Kd,
nintedanib,AAPK1,0.087096359,Kd,
nintedanib,AAPK2,0.083176377,Kd,
nintedanib,ABL1,0.01,Kd,
nintedanib,ABL2,1.995262315,Kd,
nintedanib,ACK1,1.584893192,Kd,
nintedanib,ACV1B,4.897788194,Kd,
nintedanib,ACVL1,4.168693835,Kd,
nintedanib,ACVR1,0.602559586,Kd,
nintedanib,ALK,0.030902954,Kd,
nintedanib,AURKB,0.416869383,Kd,
nintedanib,AURKC,0.190546072,Kd,
nintedanib,BLK,0.380189396,Kd,
nintedanib,BMP2K,0.002187762,Kd,
nintedanib,BMPR2,0.056234133,Kd,
nintedanib,BTK,0.309029543,Kd,
nintedanib,CDK14,0.467735141,Kd,
nintedanib,CDK16,0.020892961,Kd,
nintedanib,CDK17,0.09332543,Kd,
nintedanib,CDK18,0.512861384,Kd,
nintedanib,CDK2,1.412537545,Kd,
nintedanib,CDK4,0.158489319,Kd,
nintedanib,CDK7,0.301995172,Kd,
nintedanib,CDKL2,1.288249552,Kd,
nintedanib,CHK1,0.28840315,Kd,
nintedanib,CLK1,0.008709636,Kd,
nintedanib,CLK2,0.758577575,Kd,
nintedanib,CLK4,0.018197009,Kd,
nintedanib,CSF1R,0.047863009,Kd,
nintedanib,CSK21,7.58577575,Kd,
nintedanib,CSK22,0.891250938,Kd,
nintedanib,DAPK2,3.235936569,Kd,
nintedanib,DAPK3,2.089296131,Kd,
nintedanib,DCLK1,0.537031796,Kd,
nintedanib,DCLK3,0.776247117,Kd,
nintedanib,DDR1,0.012022644,Kd,
nintedanib,DDR2,0.041686938,Kd,
nintedanib,DYR1B,1.584893192,Kd,
nintedanib,E2AK4,1.995262315,Kd,
nintedanib,EPHA1,1.202264435,Kd,
nintedanib,EPHA2,2.884031503,Kd,
nintedanib,EPHA3,8.511380382,Kd,
nintedanib,EPHA6,0.933254301,Kd,
nintedanib,EPHB1,0.549540874,Kd,
nintedanib,EPHB4,1.096478196,Kd,
nintedanib,EPHB6,0.141253754,Kd,
nintedanib,ERN1,1.995262315,Kd,
nintedanib,FAK1,0.208929613,Kd,
nintedanib,FAK2,0.081283052,Kd,
nintedanib,FER,0.072443596,Kd,
nintedanib,FES,1.202264435,Kd,
nintedanib,FGFR4,1.819700859,Kd,INHIBITOR
nintedanib,FGR,0.301995172,Kd,
nintedanib,FLT3,0.000416869,Kd,
nintedanib,FRK,2.691534804,Kd,
nintedanib,FYN,0.630957344,Kd,
nintedanib,GRK4,0.016982437,Kd,
nintedanib,GRK7,1.202264435,Kd,
nintedanib,GSK3A,0.426579519,Kd,
nintedanib,GSK3B,0.083176377,Kd,
nintedanib,HCK,5.248074602,Kd,
nintedanib,HIPK1,1.288249552,Kd,
nintedanib,HIPK2,0.794328235,Kd,
nintedanib,HIPK3,0.851138038,Kd,
nintedanib,HIPK4,1.202264435,Kd,
nintedanib,ICK,1.698243652,Kd,
nintedanib,IGF1R,0.0616595,Kd,
nintedanib,IKKA,4.466835922,Kd,
nintedanib,IKKE,0.169824365,Kd,
nintedanib,INSR,0.023988329,Kd,
nintedanib,INSRR,0.020892961,Kd,
nintedanib,IRAK1,0.120226443,Kd,
nintedanib,IRAK3,5.248074602,Kd,
nintedanib,IRAK4,0.812830516,Kd,
nintedanib,ITK,0.208929613,Kd,
nintedanib,JAK1,0.004786301,Kd,
nintedanib,JAK2,0.014125375,Kd,
nintedanib,JAK3,0.008128305,Kd,
nintedanib,KC1D,1.288249552,Kd,
nintedanib,KC1E,0.229086765,Kd,
nintedanib,KCC1A,5.888436554,Kd,
nintedanib,KCC1D,2.187761624,Kd,
nintedanib,KCC1G,0.257039578,Kd,
nintedanib,KCC2A,3.630780548,Kd,
nintedanib,KCC4,3.715352291,Kd,
nintedanib,KGP1,0.014125375,Kd,
nintedanib,KIT,0.002691535,Kd,
nintedanib,KKCC1,0.630957344,Kd,
nintedanib,KKCC2,0.912010839,Kd,
nintedanib,KPCD1,1,Kd,
nintedanib,KPCD2,0.72443596,Kd,
nintedanib,KPCD3,0.645654229,Kd,
nintedanib,KPCT,5.495408739,Kd,
nintedanib,KS6A1,0.181970086,Kd,
nintedanib,KS6A2,0.057543994,Kd,
nintedanib,KS6A3,0.064565423,Kd,
nintedanib,KS6A4,0.616595002,Kd,
nintedanib,KS6A5,0.199526231,Kd,
nintedanib,KS6A6,0.229086765,Kd,
nintedanib,KS6B1,0.190546072,Kd,
nintedanib,LATS1,0.416869383,Kd,
nintedanib,LATS2,0.380189396,Kd,
nintedanib,LCK,0.00616595,Kd,
nintedanib,LRRK2,0.037153523,Kd,
nintedanib,LTK,0.151356125,Kd,
nintedanib,LYN,0.933254301,Kd,
nintedanib,M3K10,2.290867653,Kd,
nintedanib,M3K11,0.707945784,Kd,
nintedanib,M3K12,0.141253754,Kd,
nintedanib,M3K13,0.141253754,Kd,
nintedanib,M3K15,1.412537545,Kd,
nintedanib,M3K19,0.005248075,Kd,
nintedanib,M3K2,0.009332543,Kd,
nintedanib,M3K3,0.033884416,Kd,
nintedanib,M3K7,0.004073803,Kd,
nintedanib,M3K9,0.218776162,Kd,
nintedanib,M4K1,0.034673685,Kd,
nintedanib,M4K2,0.28840315,Kd,
nintedanib,M4K3,0.28840315,Kd,
nintedanib,M4K4,0.151356125,Kd,
nintedanib,M4K5,0.389045145,Kd,
nintedanib,MARK1,1.412537545,Kd,
nintedanib,MARK2,1.412537545,Kd,
nintedanib,MARK3,0.776247117,Kd,
nintedanib,MARK4,1.995262315,Kd,
nintedanib,MAST1,4.570881896,Kd,
nintedanib,MELK,0.004897788,Kd,
nintedanib,MERTK,0.00851138,Kd,
nintedanib,MET,0.199526231,Kd,
nintedanib,MINK1,0.081283052,Kd,
nintedanib,MK07,2.511886432,Kd,
nintedanib,MK08,0.630957344,Kd,
nintedanib,MK10,0.26915348,Kd,
nintedanib,MP2K1,0.01,Kd,
nintedanib,MP2K2,0.041686938,Kd,
nintedanib,MP2K3,2.089296131,Kd,
nintedanib,MP2K4,3.715352291,Kd,
nintedanib,MP2K5,0.001819701,Kd,
nintedanib,MUSK,0.588843655,Kd,
nintedanib,MYLK,0.28840315,Kd,
nintedanib,MYLK2,3.981071706,Kd,
nintedanib,MYLK3,0.10964782,Kd,
nintedanib,MYLK4,0.436515832,Kd,
nintedanib,MYO3B,2.691534804,Kd,
nintedanib,NTRK1,0.004466836,Kd,
nintedanib,NTRK2,0.019054607,Kd,
nintedanib,NTRK3,0.032359366,Kd,
nintedanib,NUAK1,0.158489319,Kd,
nintedanib,NUAK2,0.020892961,Kd,
nintedanib,OXSR1,1.288249552,Kd,
nintedanib,PAK2,3.311311215,Kd,
nintedanib,PAK3,0.208929613,Kd,
nintedanib,PAK4,3.01995172,Kd,
nintedanib,PAK5,1.288249552,Kd,
nintedanib,PDPK1,2.818382931,Kd,
nintedanib,PGFRA,0.017999995,IC50,INHIBITOR
nintedanib,PGFRB,0.015135612,Kd,INHIBITOR
nintedanib,PHKG1,0.141253754,Kd,
nintedanib,PHKG2,0.257039578,Kd,
nintedanib,PI42B,0.016982437,Kd,
nintedanib,PI51A,0.048977882,Kd,
nintedanib,PKN1,0.741310241,Kd,
nintedanib,PKN2,1.412537545,Kd,
nintedanib,PLK4,0.052480746,Kd,
nintedanib,PRP4B,0.008317638,Kd,
nintedanib,RET,0.009549926,Kd,
nintedanib,RIOK1,0.022908677,Kd,
nintedanib,RIOK3,0.036307805,Kd,
nintedanib,RIPK1,0.239883292,Kd,
nintedanib,RIPK4,0.436515832,Kd,
nintedanib,RK,1,Kd,
nintedanib,ROS1,3.715352291,Kd,
nintedanib,SBK1,0.10964782,Kd,
nintedanib,SBK3,1.995262315,Kd,
nintedanib,SGK3,1,Kd,
nintedanib,SIK1,0.676082975,Kd,
nintedanib,SIK2,0.281838293,Kd,
nintedanib,SLK,0.051286138,Kd,
nintedanib,SRC,0.575439937,Kd,
nintedanib,SRPK1,0.037153523,Kd,
nintedanib,SRPK2,0.036307805,Kd,
nintedanib,SRPK3,0.012022644,Kd,
nintedanib,ST17A,0.10964782,Kd,
nintedanib,ST17B,0.676082975,Kd,
nintedanib,STK10,0.087096359,Kd,
nintedanib,STK11,0.018197009,Kd,
nintedanib,STK16,0.018197009,Kd,
nintedanib,STK24,0.10964782,Kd,
nintedanib,STK26,0.048977882,Kd,
nintedanib,STK3,0.03801894,Kd,
nintedanib,STK33,1.096478196,Kd,
nintedanib,STK35,0.812830516,Kd,
nintedanib,STK39,0.52480746,Kd,
nintedanib,STK4,0.008912509,Kd,
nintedanib,TBK1,0.151356125,Kd,
nintedanib,TGFR1,4.168693835,Kd,
nintedanib,TIE1,2.187761624,Kd,
nintedanib,TIE2,1.412537545,Kd,
nintedanib,TNIK,0.052480746,Kd,
nintedanib,TNK1,0.208929613,Kd,
nintedanib,TSSK1,6.165950019,Kd,
nintedanib,TTK,0.021877616,Kd,
nintedanib,TXK,0.851138038,Kd,
nintedanib,TYK2,0.037153523,Kd,
nintedanib,TYRO3,4.897788194,Kd,
nintedanib,UFO,0.012022644,Kd,
nintedanib,ULK1,0.338844156,Kd,
nintedanib,ULK2,0.380189396,Kd,
nintedanib,ULK3,0.060255959,Kd,
nintedanib,VGFR1,0.104000057,IC50,INHIBITOR
nintedanib,VGFR2,0.004999998,IC50,INHIBITOR
nintedanib,VGFR3,0.004999998,IC50,INHIBITOR
nintedanib,WEE1,2.884031503,Kd,
nintedanib,YES,0.079432823,Kd,
nintedanib,ZAP70,3.467368505,Kd,
olaratumab,PGFRA,3.98107E-05,Kd,ANTIBODY BINDING
osimertinib,INSR,0.912010919,IC50,
palbociclib,CDK9,0.794328235,IC50,
palbociclib,DYR1A,2.000000752,IC50,
palbociclib,FLT3,3.467368505,IC50,
palbociclib,JAK3,0.063095734,IC50,
palbociclib,KS6A1,8.000000242,IC50,
pazopanib,AAK1,2.884031503,Kd,
pazopanib,ABL1,0.380189396,Kd,
pazopanib,ABL2,3.01995172,Kd,
pazopanib,ALK,2.187761624,Kd,
pazopanib,AURKA,7.079457844,Kd,
pazopanib,AURKC,0.758577575,Kd,
pazopanib,AVR2B,2.398832919,Kd,
pazopanib,BLK,2.570395783,Kd,
pazopanib,BMP2K,8.7096359,Kd,
pazopanib,BMR1B,1,Kd,
pazopanib,BRAF,0.426579519,Kd,
pazopanib,CD11A,1.288249552,Kd,
pazopanib,CD11B,2.089296131,Kd,
pazopanib,CDK16,1.202264435,Kd,
pazopanib,DDR1,0.057543994,Kd,
pazopanib,DDR2,0.097723722,Kd,
pazopanib,E2AK2,1.905460718,Kd,
pazopanib,EPHB6,0.081283052,Kd,
pazopanib,FER,2.691534804,Kd,
pazopanib,FES,1.412537545,Kd,
pazopanib,FGFR4,2.818382931,Kd,
pazopanib,FGR,1.584893192,Kd,
pazopanib,FLT3,0.741310241,Kd,
pazopanib,FRK,0.758577575,Kd,
pazopanib,FYN,2.691534804,Kd,
pazopanib,GAK,0.199526231,Kd,
pazopanib,HCK,5.754399373,Kd,
pazopanib,IRAK1,5.888436554,Kd,
pazopanib,IRAK3,0.794328235,Kd,
pazopanib,JAK2,1.698243652,Kd,
pazopanib,JAK3,6.918309709,Kd,
pazopanib,KCC1A,2.089296131,Kd,
pazopanib,KCC1G,3.715352291,Kd,
pazopanib,KSYK,4.677351413,Kd,
pazopanib,LIMK1,0.72443596,Kd,
pazopanib,LIMK2,0.389045145,Kd,
pazopanib,LTK,6.760829754,Kd,
pazopanib,LYN,0.891250938,Kd,
pazopanib,M3K1,2.884031503,Kd,
pazopanib,M3K10,2.089296131,Kd,
pazopanib,M3K11,0.741310241,Kd,
pazopanib,M3K19,0.933254301,Kd,
pazopanib,M3K2,0.28840315,Kd,
pazopanib,M3K9,0.28840315,Kd,
pazopanib,M4K1,0.758577575,Kd,
pazopanib,M4K2,2.691534804,Kd,
pazopanib,M4K3,1.584893192,Kd,
pazopanib,M4K4,2.187761624,Kd,
pazopanib,M4K5,3.01995172,Kd,
pazopanib,MARK3,3.981071706,Kd,
pazopanib,MERTK,3.311311215,Kd,
pazopanib,MET,1.995262315,Kd,
pazopanib,MK08,1.995262315,Kd,
pazopanib,MK10,1.905460718,Kd,
pazopanib,MP2K4,0.588843655,Kd,
pazopanib,MP2K5,0.478630092,Kd,
pazopanib,MP2K6,4.073802778,Kd,
pazopanib,MYLK2,1.995262315,Kd,
pazopanib,NEK2,0.977237221,Kd,
pazopanib,NEK5,7.244359601,Kd,
pazopanib,NLK,4.365158322,Kd,
pazopanib,PGFRA,0.004897788,Kd,INHIBITOR
pazopanib,PGFRB,0.001995262,Kd,INHIBITOR
pazopanib,PI42C,0.281838293,Kd,
pazopanib,PI4KB,0.954992586,Kd,
pazopanib,PI51C,1.905460718,Kd,
pazopanib,PLK4,0.28840315,Kd,
pazopanib,PTK6,2.290867653,Kd,
pazopanib,RAF1,0.891250938,Kd,
pazopanib,RET,0.26915348,Kd,
pazopanib,RIOK2,0.616595002,Kd,
pazopanib,RIPK1,0.257039578,Kd,
pazopanib,RIPK2,0.575439937,Kd,
pazopanib,ROS1,0.912010839,Kd,
pazopanib,SIK1,2.187761624,Kd,
pazopanib,SIK2,7.244359601,Kd,
pazopanib,SLK,0.239883292,Kd,
pazopanib,SRC,2.818382931,Kd,
pazopanib,SRMS,2.511886432,Kd,
pazopanib,STK10,0.083176377,Kd,
pazopanib,STK16,0.363078055,Kd,
pazopanib,STK36,0.467735141,Kd,
pazopanib,TAOK1,0.239883292,Kd,
pazopanib,TAOK2,1.819700859,Kd,
pazopanib,TAOK3,0.044668359,Kd,
pazopanib,TGFR2,3.01995172,Kd,
pazopanib,TIE1,0.707945784,Kd,
pazopanib,TIE2,3.311311215,Kd,
pazopanib,TNIK,0.309029543,Kd,
pazopanib,TNK1,0.977237221,Kd,
pazopanib,TTK,0.151356125,Kd,
pazopanib,TXK,2.570395783,Kd,
pazopanib,TYK2,3.388441561,Kd,
pazopanib,VGFR1,0.014125375,Kd,INHIBITOR
pazopanib,VGFR2,0.014125375,Kd,INHIBITOR
pazopanib,VGFR3,0.026915348,Kd,INHIBITOR
pazopanib,YES,5.011872336,Kd,
pemigatinib,FGFR4,0.030199517,IC50,
ponatinib,CDK19,0.012022644,Kd,
ponatinib,CDK8,0.00676083,Kd,
ponatinib,CSK,0.005400006,IC50,
ponatinib,FGFR1,0.002199999,IC50,
ponatinib,FLT3,0.000301995,IC50,
ponatinib,KIT,0.0125,IC50,
ponatinib,LYN,0.00024,IC50,
ponatinib,PGFRA,0.001099999,IC50,
ponatinib,RET,0.025703949,IC50,
ponatinib,VGFR2,0.0015,IC50,
ramucirumab,VGFR2,5.01187E-05,Kd,ANTIBODY BINDING
regorafenib,VGFR2,0.012589254,IC50,INHIBITOR
ruxolitinib,AAK1,0.120226443,Kd,
ruxolitinib,ABL1,1.096478196,Kd,
ruxolitinib,ACK1,2.570395783,Kd,
ruxolitinib,ALK,1.513561248,Kd,
ruxolitinib,ANKK1,0.389045145,Kd,
ruxolitinib,AURKC,8.7096359,Kd,
ruxolitinib,BMP2K,0.208929613,Kd,
ruxolitinib,BMPR2,0.933254301,Kd,
ruxolitinib,BMR1B,1.819700859,Kd,
ruxolitinib,BRAF,2.187761624,Kd,
ruxolitinib,CDK7,3.311311215,Kd,
ruxolitinib,CLK2,0.45708819,Kd,
ruxolitinib,CLK4,1.698243652,Kd,
ruxolitinib,CSK21,4.168693835,Kd,
ruxolitinib,CSK22,3.311311215,Kd,
ruxolitinib,CSKP,1.513561248,Kd,
ruxolitinib,DAPK1,0.072443596,Kd,
ruxolitinib,DAPK2,0.097723722,Kd,
ruxolitinib,DAPK3,0.089125094,Kd,
ruxolitinib,DCLK1,0.067608298,Kd,
ruxolitinib,DCLK2,0.758577575,Kd,
ruxolitinib,DCLK3,0.257039578,Kd,
ruxolitinib,DMPK,3.467368505,Kd,
ruxolitinib,DYR1A,0.912010839,Kd,
ruxolitinib,DYRK2,3.715352291,Kd,
ruxolitinib,EPHA3,6.165950019,Kd,
ruxolitinib,EPHB6,3.090295433,Kd,
ruxolitinib,ERN1,2.511886432,Kd,
ruxolitinib,GAK,0.1,Kd,
ruxolitinib,GRK4,6.165950019,Kd,
ruxolitinib,GRK7,0.537031796,Kd,
ruxolitinib,HIPK1,1.202264435,Kd,
ruxolitinib,HIPK2,1,Kd,
ruxolitinib,HIPK3,1.202264435,Kd,
ruxolitinib,IKKB,2.290867653,Kd,
ruxolitinib,IKKE,1.202264435,Kd,
ruxolitinib,IRAK1,0.28840315,Kd,
ruxolitinib,JAK3,0.001995262,Kd,
ruxolitinib,KC1A,1.819700859,Kd,
ruxolitinib,KCC1A,0.467735141,Kd,
ruxolitinib,KCC1D,0.120226443,Kd,
ruxolitinib,KCC1G,2.187761624,Kd,
ruxolitinib,KCC2A,0.045708819,Kd,
ruxolitinib,KCC2B,0.309029543,Kd,
ruxolitinib,KCC2D,0.089125094,Kd,
ruxolitinib,KCC2G,0.1,Kd,
ruxolitinib,KGP2,0.691830971,Kd,
ruxolitinib,KIT,6.309573445,Kd,
ruxolitinib,KPCE,0.52480746,Kd,
ruxolitinib,KS6A1,0.120226443,Kd,
ruxolitinib,KS6A2,0.151356125,Kd,
ruxolitinib,KS6A4,0.338844156,Kd,
ruxolitinib,KS6A5,0.141253754,Kd,
ruxolitinib,KS6A6,0.151356125,Kd,
ruxolitinib,LRRK2,0.089125094,Kd,
ruxolitinib,LTK,0.436515832,Kd,
ruxolitinib,M3K1,4.168693835,Kd,
ruxolitinib,M3K15,1.096478196,Kd,
ruxolitinib,M3K19,0.26915348,Kd,
ruxolitinib,M3K2,0.040738028,Kd,
ruxolitinib,M3K3,0.151356125,Kd,
ruxolitinib,M3K7,0.72443596,Kd,
ruxolitinib,M4K2,1.995262315,Kd,
ruxolitinib,MARK2,0.660693448,Kd,
ruxolitinib,MAST1,0.52480746,Kd,
ruxolitinib,MELK,2.187761624,Kd,
ruxolitinib,MK08,4.786300923,Kd,
ruxolitinib,MKNK2,0.199526231,Kd,
ruxolitinib,MP2K1,1.905460718,Kd,
ruxolitinib,MP2K2,3.981071706,Kd,
ruxolitinib,MP2K3,0.467735141,Kd,
ruxolitinib,MP2K4,1.819700859,Kd,
ruxolitinib,MYLK,0.363078055,Kd,
ruxolitinib,NEK3,1.096478196,Kd,
ruxolitinib,NEK7,4.897788194,Kd,
ruxolitinib,NTRK1,1.513561248,Kd,
ruxolitinib,NTRK2,0.363078055,Kd,
ruxolitinib,NTRK3,0.331131121,Kd,
ruxolitinib,NUAK2,0.323593657,Kd,
ruxolitinib,OXSR1,2.691534804,Kd,
ruxolitinib,PAK4,1.584893192,Kd,
ruxolitinib,PAK5,1.288249552,Kd,
ruxolitinib,PAK6,2.884031503,Kd,
ruxolitinib,PHKG1,5.754399373,Kd,
ruxolitinib,PHKG2,1,Kd,
ruxolitinib,PI4KB,3.388441561,Kd,
ruxolitinib,PLK1,0.128824955,Kd,
ruxolitinib,PLK2,1.513561248,Kd,
ruxolitinib,PLK3,0.707945784,Kd,
ruxolitinib,PLK4,0.199526231,Kd,
ruxolitinib,RET,0.190546072,Kd,
ruxolitinib,RIOK1,2.511886432,Kd,
ruxolitinib,RIOK2,1.202264435,Kd,
ruxolitinib,RIOK3,1.995262315,Kd,
ruxolitinib,RIPK4,2.089296131,Kd,
ruxolitinib,RK,0.72443596,Kd,
ruxolitinib,ROCK1,0.060255959,Kd,
ruxolitinib,ROCK2,0.052480746,Kd,
ruxolitinib,SBK1,1.288249552,Kd,
ruxolitinib,SBK3,5.754399373,Kd,
ruxolitinib,SIK3,1.288249552,Kd,
ruxolitinib,SRPK1,2.089296131,Kd,
ruxolitinib,SRPK3,3.311311215,Kd,
ruxolitinib,ST17A,6.165950019,Kd,
ruxolitinib,ST17B,3.467368505,Kd,
ruxolitinib,STK16,0.489778819,Kd,
ruxolitinib,STK25,6.309573445,Kd,
ruxolitinib,STK26,3.090295433,Kd,
ruxolitinib,STK39,1.905460718,Kd,
ruxolitinib,TAOK1,1.288249552,Kd,
ruxolitinib,TAOK2,0.309029543,Kd,
ruxolitinib,TAOK3,0.588843655,Kd,
ruxolitinib,TBK1,1.698243652,Kd,
ruxolitinib,TTK,0.478630092,Kd,
ruxolitinib,TYK2,0.000501187,Ki,
ruxolitinib,ULK1,0.301995172,Kd,
ruxolitinib,ULK2,0.190546072,Kd,
ruxolitinib,ULK3,2.398832919,Kd,
ruxolitinib,VRK2,3.981071706,Kd,
selumetinib,MP2K1,0.014125375,IC50,INHIBITOR
selumetinib,MP2K2,0.014125375,IC50,INHIBITOR
sorafenib,ABL1,0.128824955,Kd,
sorafenib,ABL2,1.288249552,Kd,
sorafenib,AURKA,3.801893963,IC50,
sorafenib,AURKB,0.436515832,Kd,
sorafenib,AURKC,0.208929613,Kd,
sorafenib,CDK14,2.884031503,Kd,
sorafenib,CDK15,2.884031503,Kd,
sorafenib,CDK17,1.584893192,Kd,
sorafenib,CDK19,0.251188643,Kd,
sorafenib,CDK2,8.7096359,Kd,
sorafenib,CDK3,3.801893963,Kd,
sorafenib,CDK5,6.165950019,Kd,
sorafenib,CDK7,0.141253754,Kd,
sorafenib,CDK8,0.309029543,Kd,
sorafenib,CDKL2,0.128824955,Kd,
sorafenib,CDKL3,0.489778819,Kd,
sorafenib,CLK1,7.58577575,Kd,
sorafenib,CSF1R,0.028183829,Kd,
sorafenib,CSK,2.884031503,Kd,
sorafenib,CTRO,6.165950019,Kd,
sorafenib,DDR1,0.001513561,Kd,
sorafenib,DDR2,0.006606934,Kd,
sorafenib,EPHA1,3.090295433,Kd,
sorafenib,EPHA2,1.995262315,Kd,
sorafenib,EPHA3,1.905460718,Kd,
sorafenib,EPHA4,1.288249552,Kd,
sorafenib,EPHA5,0.363078055,Kd,
sorafenib,EPHA6,0.239883292,Kd,
sorafenib,EPHA7,0.676082975,Kd,
sorafenib,EPHA8,0.954992586,Kd,
sorafenib,EPHB1,1.698243652,Kd,
sorafenib,EPHB2,1.905460718,Kd,
sorafenib,EPHB4,1.819700859,Kd,
sorafenib,EPHB6,0.239883292,Kd,
sorafenib,FGFR2,2.691534804,Kd,
sorafenib,FGFR3,4.168693835,Kd,
sorafenib,FGR,7.762471166,Kd,
sorafenib,FRK,0.436515832,Kd,
sorafenib,FYN,8.317637711,Kd,
sorafenib,HCK,8.511380382,Kd,
sorafenib,HIPK1,1.096478196,Kd,
sorafenib,HIPK2,1.698243652,Kd,
sorafenib,HIPK3,0.389045145,Kd,
sorafenib,HIPK4,0.002691535,Kd,
sorafenib,INSR,5.248074602,IC50,
sorafenib,JAK3,7.244359601,Kd,
sorafenib,KC1A,0.251188643,IC50,
sorafenib,KS6A6,7.58577575,Kd,
sorafenib,LCK,2.691534804,Kd,
sorafenib,LIMK1,1.584893192,Kd,
sorafenib,LIMK2,9.54992586,Kd,
sorafenib,LYN,3.01995172,Kd,
sorafenib,M3K19,0.1,Kd,
sorafenib,M3K7,0.691830971,Kd,
sorafenib,M4K1,4.786300923,Kd,
sorafenib,M4K4,4.786300923,Kd,
sorafenib,M4K5,1.584893192,Kd,
sorafenib,MERTK,3.630780548,Kd,
sorafenib,MK01,0.10964782,IC50,
sorafenib,MK03,0.018197009,IC50,
sorafenib,MK09,3.630780548,Kd,
sorafenib,MK11,0.199526231,Kd,
sorafenib,MK12,7.58577575,Kd,
sorafenib,MK13,6.60693448,Kd,
sorafenib,MK14,0.257039578,Kd,
sorafenib,MK15,0.045708819,Kd,
sorafenib,MKNK1,0.229086765,Kd,
sorafenib,MKNK2,0.128824955,Kd,
sorafenib,MLTK,0.006309573,Kd,
sorafenib,MP2K5,0.190546072,Kd,
sorafenib,MUSK,0.128824955,Kd,
sorafenib,MYLK2,1.288249552,Kd,
sorafenib,MYLK3,9.54992586,Kd,
sorafenib,MYO3B,7.079457844,Kd,
sorafenib,NLK,0.645654229,Kd,
sorafenib,NTRK1,3.630780548,Kd,
sorafenib,NTRK2,2.089296131,Kd,
sorafenib,NTRK3,0.602559586,Kd,
sorafenib,PGFRA,0.0616595,Kd,
sorafenib,PGFRB,0.037153523,Kd,INHIBITOR
sorafenib,PLK4,3.388441561,Kd,
sorafenib,RIPK2,1.288249552,Kd,
sorafenib,SLK,1,Kd,
sorafenib,SRC,0.389045145,IC50,
sorafenib,SRMS,9.77237221,Kd,
sorafenib,STK10,0.141253754,Kd,
sorafenib,STK33,2.398832919,Kd,
sorafenib,STK36,3.801893963,Kd,
sorafenib,TAOK1,0.537031796,Kd,
sorafenib,TAOK2,0.537031796,Kd,
sorafenib,TAOK3,2.691534804,Kd,
sorafenib,TGFR2,6.918309709,Kd,
sorafenib,TIE1,0.067608298,Kd,
sorafenib,TIE2,2.089296131,Kd,
sorafenib,TNI3K,0.281838293,Kd,
sorafenib,TNIK,7.943282347,Kd,
sorafenib,TNK1,2.290867653,Kd,
sorafenib,TTK,3.467368505,Kd,
sorafenib,UFO,4.466835922,Kd,
sorafenib,VGFR1,0.030902954,Kd,INHIBITOR
sorafenib,VGFR2,2.0893E-05,Ki,INHIBITOR
sorafenib,VGFR3,0.015848932,Kd,INHIBITOR
sunitinib,AAK1,0.010964782,Kd,
sunitinib,AAPK1,0.019054607,Kd,
sunitinib,AAPK2,0.089125094,Kd,
sunitinib,ABL1,0.054954087,Kd,
sunitinib,ABL2,1,Kd,
sunitinib,ACK1,2.187761624,Kd,
sunitinib,AKT2,2.691534804,Kd,
sunitinib,ALK,0.169824365,Kd,
sunitinib,ANKK1,0.309029543,Kd,
sunitinib,AURKA,1.698243652,Kd,
sunitinib,AURKB,0.380189396,Kd,
sunitinib,AURKC,0.218776162,Kd,
sunitinib,BLK,0.064565423,Kd,
sunitinib,BMP2K,0.005495409,Kd,
sunitinib,BMPR2,0.575439937,Kd,
sunitinib,BMR1B,2.398832919,Kd,
sunitinib,BRSK1,3.467368505,Kd,
sunitinib,BRSK2,1.096478196,Kd,
sunitinib,BTK,2.089296131,Kd,
sunitinib,CDK14,0.26915348,Kd,
sunitinib,CDK16,0.128824955,Kd,
sunitinib,CDK17,1.202264435,Kd,
sunitinib,CDK18,1.698243652,Kd,
sunitinib,CDK4,1.995262315,Kd,
sunitinib,CDK5,6.918309709,Kd,
sunitinib,CDK7,0.331131121,Kd,
sunitinib,CDKL2,1.096478196,Kd,
sunitinib,CHK1,0.301995172,Kd,
sunitinib,CHK2,0.007079458,Kd,
sunitinib,CLK1,0.021877616,Kd,
sunitinib,CLK2,0.019952623,Kd,
sunitinib,CLK4,0.028840315,Kd,
sunitinib,CSK21,0.081283052,Kd,
sunitinib,CSK22,0.158489319,Kd,
sunitinib,CTRO,3.89045145,Kd,
sunitinib,DAPK1,0.120226443,Kd,
sunitinib,DAPK2,0.151356125,Kd,
sunitinib,DAPK3,0.021877616,Kd,
sunitinib,DCLK1,0.371535229,Kd,
sunitinib,DCLK2,2.691534804,Kd,
sunitinib,DCLK3,0.10964782,Kd,
sunitinib,DDR1,1.995262315,Kd,
sunitinib,DDR2,2.884031503,Kd,
sunitinib,DUSTY,1.288249552,Kd,
sunitinib,DYR1A,0.199526231,Kd,
sunitinib,DYR1B,2.290867653,Kd,
sunitinib,DYRK2,0.676082975,Kd,
sunitinib,E2AK2,0.676082975,Kd,
sunitinib,E2AK4,0.181970086,Kd,
sunitinib,EGFR,0.851138038,Kd,
sunitinib,EPHA3,2.089296131,Kd,
sunitinib,EPHA5,1.202264435,Kd,
sunitinib,EPHA6,0.954992586,Kd,
sunitinib,EPHA7,2.400000002,Kd,
sunitinib,EPHB1,0.478630092,Kd,
sunitinib,EPHB4,3.100000001,Kd,
sunitinib,EPHB6,0.851138038,Kd,
sunitinib,ERN1,0.602559586,Kd,
sunitinib,FAK1,0.436515832,Kd,
sunitinib,FAK2,0.081283052,Kd,
sunitinib,FER,1.096478196,Kd,
sunitinib,FES,0.954992586,Kd,
sunitinib,FGFR1,0.52480746,Kd,
sunitinib,FGFR2,0.52480746,Kd,
sunitinib,FGFR3,0.28840315,Kd,
sunitinib,FGFR4,2.089296131,Kd,
sunitinib,FGR,0.26915348,Kd,
sunitinib,FRK,0.52480746,Kd,
sunitinib,FYN,0.52480746,Kd,
sunitinib,GAK,0.019952623,Kd,
sunitinib,GRK4,0.141253754,Kd,
sunitinib,GRK7,0.181970086,Kd,
sunitinib,HCK,0.87096359,Kd,
sunitinib,HIPK1,0.054954087,Kd,
sunitinib,HIPK2,0.030902954,Kd,
sunitinib,HIPK3,0.040738028,Kd,
sunitinib,HIPK4,0.158489319,Kd,
sunitinib,HUNK,0.501187234,Kd,
sunitinib,ICK,0.467735141,Kd,
sunitinib,IGF1R,2.570395783,Kd,
sunitinib,IKKA,0.52480746,Kd,
sunitinib,IKKE,0.616595002,Kd,
sunitinib,INSR,0.181970086,Kd,
sunitinib,INSRR,0.426579519,Kd,
sunitinib,IRAK1,0.014125375,Kd,
sunitinib,IRAK3,0.933254301,Kd,
sunitinib,IRAK4,0.066069345,Kd,
sunitinib,ITK,0.012882496,Kd,
sunitinib,JAK1,0.008912509,Kd,
sunitinib,JAK2,0.407380278,Kd,
sunitinib,JAK3,1.202264435,Kd,
sunitinib,KC1A,0.1,Kd,
sunitinib,KC1AL,0.549540874,Kd,
sunitinib,KC1D,0.015135612,Kd,
sunitinib,KC1E,0.012882496,Kd,
sunitinib,KC1G1,0.933254301,Kd,
sunitinib,KC1G2,0.10964782,Kd,
sunitinib,KC1G3,0.239883292,Kd,
sunitinib,KCC1A,0.977237221,Kd,
sunitinib,KCC1D,0.512861384,Kd,
sunitinib,KCC1G,0.436515832,Kd,
sunitinib,KCC2A,0.079432823,Kd,
sunitinib,KCC2B,1.412537545,Kd,
sunitinib,KCC2D,0.416869383,Kd,
sunitinib,KCC2G,0.436515832,Kd,
sunitinib,KCC4,0.891250938,Kd,
sunitinib,KKCC1,0.416869383,Kd,
sunitinib,KKCC2,1.513561248,Kd,
sunitinib,KPCA,6.025595861,Kd,
sunitinib,KPCD1,0.309029543,Kd,
sunitinib,KPCD2,0.380189396,Kd,
sunitinib,KPCD3,0.281838293,Kd,
sunitinib,KPCT,4.265795188,Kd,
sunitinib,KS6A1,0.095499259,Kd,
sunitinib,KS6A2,0.016982437,Kd,
sunitinib,KS6A3,0.054954087,Kd,
sunitinib,KS6A4,0.095499259,Kd,
sunitinib,KS6A5,0.016982437,Kd,
sunitinib,KS6A6,2.398832919,Kd,
sunitinib,KS6B1,0.047863009,Kd,
sunitinib,LATS1,0.630957344,Kd,
sunitinib,LATS2,0.45708819,Kd,
sunitinib,LCK,0.229086765,Kd,
sunitinib,LRRK2,0.075857758,Kd,
sunitinib,LTK,1.819700859,Kd,
sunitinib,LYN,0.26915348,Kd,
sunitinib,M3K11,1.288249552,Kd,
sunitinib,M3K12,0.1,Kd,
sunitinib,M3K13,0.095499259,Kd,
sunitinib,M3K15,1.288249552,Kd,
sunitinib,M3K19,0.016982437,Kd,
sunitinib,M3K2,0.057543994,Kd,
sunitinib,M3K3,0.218776162,Kd,
sunitinib,M3K4,3.311311215,Kd,
sunitinib,M3K7,0.09332543,Kd,
sunitinib,M3K9,3.388441561,Kd,
sunitinib,M4K1,0.015848932,Kd,
sunitinib,M4K2,0.033113112,Kd,
sunitinib,M4K3,0.181970086,Kd,
sunitinib,M4K4,0.141253754,Kd,
sunitinib,M4K5,0.040738028,Kd,
sunitinib,MARK1,1.202264435,Kd,
sunitinib,MARK2,0.309029543,Kd,
sunitinib,MARK3,0.407380278,Kd,
sunitinib,MARK4,3.630780548,Kd,
sunitinib,MAST1,0.199526231,Kd,
sunitinib,MATK,7.762471166,Kd,
sunitinib,MELK,0.34673685,Kd,
sunitinib,MERTK,0.025703958,Kd,
sunitinib,MET,1.202264435,Kd,
sunitinib,MINK1,0.028840315,Kd,
sunitinib,MK07,10,Kd,
sunitinib,MK09,2.398832919,Kd,
sunitinib,MK10,4.265795188,Kd,
sunitinib,MKNK1,3.89045145,Kd,
sunitinib,MKNK2,5.754399373,Kd,
sunitinib,MP2K1,0.128824955,Kd,
sunitinib,MP2K2,0.10964782,Kd,
sunitinib,MP2K3,1.698243652,Kd,
sunitinib,MP2K4,0.707945784,Kd,
sunitinib,MP2K5,0.045708819,Kd,
sunitinib,MP2K6,5.248074602,Kd,
sunitinib,MUSK,0.489778819,Kd,
sunitinib,MYLK,0.022908677,Kd,
sunitinib,MYLK2,0.048977882,Kd,
sunitinib,MYLK3,0.022908677,Kd,
sunitinib,MYLK4,0.015135612,Kd,
sunitinib,MYO3A,3.090295433,Kd,
sunitinib,MYO3B,4.466835922,Kd,
sunitinib,NEK2,0.501187234,Kd,
sunitinib,NEK7,4.073802778,Kd,
sunitinib,NIM1,0.851138038,Kd,
sunitinib,NTRK1,0.1,Kd,
sunitinib,NTRK2,0.588843655,Kd,
sunitinib,NTRK3,5.12861384,Kd,
sunitinib,NUAK1,0.047863009,Kd,
sunitinib,NUAK2,0.151356125,Kd,
sunitinib,OXSR1,0.52480746,Kd,
sunitinib,PAK3,0.015848932,Kd,
sunitinib,PAK4,2.290867653,Kd,
sunitinib,PAK5,0.645654229,Kd,
sunitinib,PAK6,2.398832919,Kd,
sunitinib,PDPK1,3.467368505,Kd,
sunitinib,PGFRA,0.11000003,IC50,INHIBITOR
sunitinib,PGFRB,7.58578E-05,Kd,INHIBITOR
sunitinib,PHKG1,0.005495409,Kd,
sunitinib,PHKG2,0.005888437,Kd,
sunitinib,PI42B,0.038904514,Kd,
sunitinib,PI51A,5.370317964,Kd,
sunitinib,PIM2,5.011872336,Kd,
sunitinib,PIM3,2.398832919,Kd,
sunitinib,PK3CA,10.96478196,IC50,
sunitinib,PK3CD,12.02264435,IC50,
sunitinib,PK3CG,12.88249552,IC50,
sunitinib,PKN1,0.707945784,Kd,
sunitinib,PKN2,1.288249552,Kd,
sunitinib,PLK2,4.677351413,Kd,
sunitinib,PLK4,0.190546072,Kd,
sunitinib,PRP4B,0.389045145,Kd,
sunitinib,PTK6,4.570881896,Kd,
sunitinib,RIOK1,0.034673685,Kd,
sunitinib,RIOK2,0.048977882,Kd,
sunitinib,RIOK3,3.801893963,Kd,
sunitinib,RIPK1,0.371535229,Kd,
sunitinib,RIPK4,2.089296131,Kd,
sunitinib,RK,0.28840315,Kd,
sunitinib,ROCK1,0.45708819,Kd,
sunitinib,ROCK2,0.141253754,Kd,
sunitinib,SBK1,0.199526231,Kd,
sunitinib,SBK3,1.905460718,Kd,
sunitinib,SGK3,0.218776162,Kd,
sunitinib,SIK1,3.235936569,Kd,
sunitinib,SIK2,0.575439937,Kd,
sunitinib,SLK,0.056234133,Kd,
sunitinib,SNRK,0.645654229,Kd,
sunitinib,SRC,2.089296131,Kd,
sunitinib,SRPK1,0.251188643,Kd,
sunitinib,SRPK2,0.190546072,Kd,
sunitinib,SRPK3,0.058884366,Kd,
sunitinib,ST17A,0.001,Kd,
sunitinib,ST17B,0.10964782,Kd,
sunitinib,ST38L,0.977237221,Kd,
sunitinib,STK10,0.019054607,Kd,
sunitinib,STK11,0.03801894,Kd,
sunitinib,STK16,0.251188643,Kd,
sunitinib,STK24,0.063095734,Kd,
sunitinib,STK25,0.28840315,Kd,
sunitinib,STK26,0.338844156,Kd,
sunitinib,STK3,0.056234133,Kd,
sunitinib,STK33,0.016982437,Kd,
sunitinib,STK35,1.288249552,Kd,
sunitinib,STK38,0.407380278,Kd,
sunitinib,STK39,0.141253754,Kd,
sunitinib,STK4,0.019054607,Kd,
sunitinib,TAOK1,0.891250938,Kd,
sunitinib,TAOK3,0.208929613,Kd,
sunitinib,TBK1,0.120226443,Kd,
sunitinib,TIE1,3.89045145,Kd,
sunitinib,TLK1,0.741310241,Kd,
sunitinib,TLK2,0.331131121,Kd,
sunitinib,TNIK,0.025118864,Kd,
sunitinib,TNK1,0.676082975,Kd,
sunitinib,TSSK1,6.309573445,Kd,
sunitinib,TTK,0.063095734,Kd,
sunitinib,TYK2,0.363078055,Kd,
sunitinib,TYRO3,0.048977882,Kd,
sunitinib,UFO,0.008912509,Kd,
sunitinib,ULK1,0.022908677,Kd,
sunitinib,ULK2,0.012882496,Kd,
sunitinib,ULK3,0.041686938,Kd,
sunitinib,VGFR1,0.05900001,IC50,INHIBITOR
sunitinib,VGFR2,0.000199526,Kd,INHIBITOR
sunitinib,VGFR3,0.016982437,Ki,INHIBITOR
sunitinib,WEE1,1.096478196,Kd,
sunitinib,YES,0.120226443,Kd,
tivozanib,FGFR1,0.29899987,IC50,
tivozanib,FLT3,0.421999562,IC50,
tivozanib,KIT,0.001630001,IC50,
tivozanib,MET,1.360000287,IC50,
tivozanib,PGFRB,0.001719998,IC50,
tivozanib,VGFR1,0.00021,IC50,INHIBITOR
tivozanib,VGFR2,0.00016,IC50,INHIBITOR
tivozanib,VGFR3,0.00024,IC50,INHIBITOR
tofacitinib,ABL1,2.187761624,Kd,
tofacitinib,BMP2K,7.079457844,Kd,
tofacitinib,DCLK1,6.760829754,Kd,
tofacitinib,DCLK3,0.004466836,Kd,
tofacitinib,DMPK,1.202264435,Kd,
tofacitinib,FYN,1.096478196,Kd,
tofacitinib,GRK7,4.265795188,Kd,
tofacitinib,KCC1A,1.202264435,Kd,
tofacitinib,KCC1D,1.584893192,Kd,
tofacitinib,KCC2A,3.467368505,Kd,
tofacitinib,KCC2D,2.691534804,Kd,
tofacitinib,KPCD,1.995262315,Kd,
tofacitinib,KS6A1,1.412537545,Kd,
tofacitinib,KS6A2,0.602559586,Kd,
tofacitinib,KS6A6,0.537031796,Kd,
tofacitinib,LCK,0.45708819,Kd,
tofacitinib,LRRK2,0.549540874,Kd,
tofacitinib,M4K2,4.786300923,Kd,
tofacitinib,MKNK2,1.584893192,Kd,
tofacitinib,NUAK2,0.239883292,Kd,
tofacitinib,PKN1,0.169824365,Kd,
tofacitinib,PKN2,1.202264435,Kd,
tofacitinib,RET,3.311311215,Kd,
tofacitinib,ROCK1,0.467735141,Kd,
tofacitinib,ROCK2,0.416869383,Kd,
tofacitinib,STK3,4.265795188,Kd,
tofacitinib,TNK1,0.120226443,Kd,
tofacitinib,ULK3,6.45654229,Kd,
trametinib,MP2K1,0.001800002,IC50,INHIBITOR
trametinib,MP2K2,0.00092,IC50,INHIBITOR
tucatinib,ERBB4,0.316227766,IC50,
upadacitinib,JAK2,0.120226443,IC50,INHIBITOR
upadacitinib,JAK3,2.344228815,IC50,INHIBITOR
vandetanib,AAPK1,3.01995172,Kd,
vandetanib,ABL1,0.008912509,Kd,
vandetanib,ABL2,0.069183097,Kd,
vandetanib,ACVL1,0.467735141,Kd,
vandetanib,ACVR1,0.151356125,Kd,
vandetanib,ALK,2.089296131,Kd,
vandetanib,AURKC,1.513561248,Kd,
vandetanib,BLK,0.066069345,Kd,
vandetanib,BMR1B,0.239883292,Kd,
vandetanib,BTK,1.698243652,Kd,
vandetanib,CDK7,4.073802778,Kd,
vandetanib,COQ8A,4.466835922,Kd,
vandetanib,COQ8B,1.698243652,Kd,
vandetanib,CSF1R,1.202264435,Kd,
vandetanib,CSK,2.511886432,Kd,
vandetanib,CTRO,1.819700859,Kd,
vandetanib,DDR1,0.010964782,Kd,
vandetanib,DDR2,0.323593657,Kd,
vandetanib,EPHA1,0.229086765,Kd,
vandetanib,EPHA2,1.096478196,Kd,
vandetanib,EPHA3,1.819700859,Kd,
vandetanib,EPHA4,1.584893192,Kd,
vandetanib,EPHA5,0.239883292,Kd,
vandetanib,EPHA6,0.050118723,Kd,
vandetanib,EPHA7,2.398832919,Kd,
vandetanib,EPHA8,0.091201084,Kd,
vandetanib,EPHB1,0.28840315,Kd,
vandetanib,EPHB2,0.436515832,Kd,
vandetanib,EPHB4,0.52480746,Kd,
vandetanib,EPHB6,0.075857758,Kd,
vandetanib,ERBB2,2.570395783,Kd,
vandetanib,ERBB3,0.158489319,Kd,
vandetanib,ERBB4,0.478630092,Kd,
vandetanib,FGFR1,0.562341325,Kd,
vandetanib,FGFR2,1.096478196,Kd,
vandetanib,FGFR3,0.239883292,Kd,
vandetanib,FGFR4,2.290867653,Kd,
vandetanib,FGR,0.26915348,Kd,
vandetanib,FLT3,0.190546072,Kd,
vandetanib,FRK,0.169824365,Kd,
vandetanib,FYN,0.363078055,Kd,
vandetanib,GAK,0.085113804,Kd,
vandetanib,HCK,0.363078055,Kd,
vandetanib,HUNK,4.073802778,Kd,
vandetanib,IRAK1,1.202264435,Kd,
vandetanib,IRAK4,0.075857758,Kd,
vandetanib,KC1E,1.513561248,Kd,
vandetanib,KIT,0.033884416,Kd,
vandetanib,KS6A1,0.398107171,Kd,
vandetanib,KS6A6,0.239883292,Kd,
vandetanib,KS6B1,1.584893192,Kd,
vandetanib,LCK,0.016982437,Kd,
vandetanib,LTK,0.549540874,Kd,
vandetanib,LYN,0.10964782,Kd,
vandetanib,M3K19,0.977237221,Kd,
vandetanib,M3K4,3.01995172,Kd,
vandetanib,M4K1,5.495408739,Kd,
vandetanib,M4K2,1.584893192,Kd,
vandetanib,M4K3,1.513561248,Kd,
vandetanib,M4K4,1.412537545,Kd,
vandetanib,M4K5,0.446683592,Kd,
vandetanib,MERTK,1.412537545,Kd,
vandetanib,MET,4.073802778,Kd,
vandetanib,MINK1,3.388441561,Kd,
vandetanib,MK06,1.513561248,Kd,
vandetanib,MKNK1,0.363078055,Kd,
vandetanib,MKNK2,1.698243652,Kd,
vandetanib,MLTK,5.12861384,Kd,
vandetanib,MP2K1,1.819700859,Kd,
vandetanib,MP2K2,1.096478196,Kd,
vandetanib,MP2K5,0.048977882,Kd,
vandetanib,MRCKA,2.570395783,Kd,
vandetanib,MRCKB,2.511886432,Kd,
vandetanib,MRCKG,2.187761624,Kd,
vandetanib,PGFRA,0.229086765,Kd,
vandetanib,PGFRB,0.087096359,Kd,
vandetanib,PHKG1,1.096478196,Kd,
vandetanib,PHKG2,7.943282347,Kd,
vandetanib,PLK4,0.616595002,Kd,
vandetanib,PTK6,0.033113112,Kd,
vandetanib,RIPK2,0.004570882,Kd,
vandetanib,RIPK4,0.616595002,Kd,
vandetanib,ROCK2,3.630780548,Kd,
vandetanib,RON,3.388441561,IC50,
vandetanib,SIK1,1.905460718,Kd,
vandetanib,SIK2,0.426579519,Kd,
vandetanib,SIK3,3.89045145,Kd,
vandetanib,SLK,0.095499259,Kd,
vandetanib,SRC,0.070794578,Kd,
vandetanib,SRMS,1.905460718,Kd,
vandetanib,ST32A,5.011872336,Kd,
vandetanib,STK10,0.081283052,Kd,
vandetanib,STK33,1.412537545,Kd,
vandetanib,STK35,0.056234133,Kd,
vandetanib,TESK1,3.715352291,Kd,
vandetanib,TIE1,1.513561248,Kd,
vandetanib,TIE2,1,Kd,
vandetanib,TNI3K,2.818382931,Kd,
vandetanib,TNIK,2.290867653,Kd,
vandetanib,TXK,3.715352291,Kd,
vandetanib,TYRO3,0.09332543,Kd,
vandetanib,UFO,0.251188643,Kd,
vandetanib,ULK3,6.45654229,Kd,
vandetanib,VGFR1,0.257039578,Kd,
vandetanib,VGFR2,0.467735141,Kd,INHIBITOR
vandetanib,VGFR3,0.301995172,Kd,
vandetanib,YES,0.120226443,Kd,
vemurafenib,ARAF,0.954992586,IC50,
vemurafenib,RAF1,0.047863009,IC50,
vemurafenib,VGFR2,0.363078055,IC50,